{
  "metaData": {
    "status": 0
  },
  "findControls": [
    {
      "findControlId": 380,
      "findCommand": "Contract",
      "name": "ContractName",
      "label": "Contract Name",
      "controlType": "ToolkitTextbox",
      "interface": "ee_GetContracts",
      "visible": "Y",
      "required": "N",
      "defaultValue": null,
      "dataType": "SYSTEM.STRING",
      "minLength": 0,
      "maxLength": 60,
      "comboBoxSql": null,
      "displayFieldName": null,
      "displayIDName": null,
      "linkTo": null,
      "linkFrom": null,
      "findDisplayName": null,
      "findResultIDName": null,
      "findResultDisplayName": null,
      "findAllowEdit": null,
      "findType": null,
      "tooltip": "Contract Name",
      "sortKey": 0,
      "referenceCodeType": null,
      "referenceCodeSubType": null,
      "referenceCodeClass": null
    },
    {
      "findControlId": 381,
      "findCommand": "Contract",
      "name": "ContractNumber",
      "label": "Contract Number",
      "controlType": "ToolkitTextbox",
      "interface": "ee_GetContracts",
      "visible": "Y",
      "required": "N",
      "defaultValue": null,
      "dataType": "SYSTEM.STRING",
      "minLength": 0,
      "maxLength": 30,
      "comboBoxSql": null,
      "displayFieldName": null,
      "displayIDName": null,
      "linkTo": null,
      "linkFrom": null,
      "findDisplayName": null,
      "findResultIDName": null,
      "findResultDisplayName": null,
      "findAllowEdit": null,
      "findType": null,
      "tooltip": "Contract Number",
      "sortKey": 1,
      "referenceCodeType": null,
      "referenceCodeSubType": null,
      "referenceCodeClass": null
    },
    {
      "findControlId": 382,
      "findCommand": "Contract",
      "name": "AsOfDate",
      "label": "AsOfDate",
      "controlType": "ToolkitDateTimePicker",
      "interface": "ee_GetContracts",
      "visible": "Y",
      "required": "N",
      "defaultValue": null,
      "dataType": "SYSTEM.DATETIME",
      "minLength": 0,
      "maxLength": 189,
      "comboBoxSql": null,
      "displayFieldName": null,
      "displayIDName": null,
      "linkTo": null,
      "linkFrom": null,
      "findDisplayName": null,
      "findResultIDName": null,
      "findResultDisplayName": null,
      "findAllowEdit": null,
      "findType": null,
      "tooltip": "AsOfDate",
      "sortKey": 2,
      "referenceCodeType": null,
      "referenceCodeSubType": null,
      "referenceCodeClass": null
    },
    {
      "findControlId": 383,
      "findCommand": "Contract",
      "name": "ReimbursementID",
      "label": "Reimbursement",
      "controlType": "ToolkitCombobox",
      "interface": "ee_GetContracts",
      "visible": "Y",
      "required": "N",
      "defaultValue": null,
      "dataType": "SYSTEM.INT32",
      "minLength": 0,
      "maxLength": 0,
      "comboBoxSql": "exec ee_GetBenefitStructures @SessionID={0}, @Usage='|USAGE2|', @Type='RBI'",
      "displayFieldName": "Name",
      "displayIDName": "StructureID",
      "linkTo": null,
      "linkFrom": null,
      "findDisplayName": null,
      "findResultIDName": null,
      "findResultDisplayName": null,
      "findAllowEdit": null,
      "findType": null,
      "tooltip": "Reimbursement",
      "sortKey": 3,
      "referenceCodeType": null,
      "referenceCodeSubType": null,
      "referenceCodeClass": null
    },
    {
      "findControlId": 384,
      "findCommand": "Contract",
      "name": "ResultCount",
      "label": "ResultCount",
      "controlType": "ToolkitCombobox",
      "interface": "ee_GetContracts",
      "visible": "Y",
      "required": "Y",
      "defaultValue": "100",
      "dataType": "SYSTEM.STRING",
      "minLength": 0,
      "maxLength": 3,
      "comboBoxSql": null,
      "displayFieldName": "Name",
      "displayIDName": "Name",
      "linkTo": null,
      "linkFrom": null,
      "findDisplayName": null,
      "findResultIDName": null,
      "findResultDisplayName": null,
      "findAllowEdit": null,
      "findType": null,
      "tooltip": "ResultCount",
      "sortKey": 4,
      "referenceCodeType": "RESULTCOUNT",
      "referenceCodeSubType": "RESULTCOUNT",
      "referenceCodeClass": null
    }
  ],
  "outputMessages": null,
  "sqlExceptioMessages": null
}