{
  "countMetadata": {
    "status": "0",
    "rowCount": null,
    "totalCount": "15",
    "restrictedCount": null,
    "permissionedUserReports": null,
    "inactiveUserReports": null,
    "adjustmentVersion": null,
    "processingStatus": null,
    "hasOpenSessions": null,
    "sessionId": null,
    "apiSessionID": null,
    "userId": null,
    "databaseVersion": null,
    "updatePassword": null,
    "warningMessage": null,
    "totalRows": null,
    "listViewProfileSettingId": null,
    "parAmount": null,
    "stopLossAmount": null,
    "caseNumber": null,
    "caseID": null,
    "diagnosisCodes": null,
    "procedureCodes": null,
    "identity": null,
    "salesTaxRateID": null,
    "corporationDetailID": null,
    "billingEntityUserMapId": null,
    "reconciliationId": null,
    "reconciliationPaymentId": null,
    "jobDetailsID": null,
    "errorMsg": null,
    "billingEntityMapId": null,
    "levyId": null
  },
  "offices_V2s": [
    {
      "officeID": 570,
      "officeNumber": "00000570",
      "npi": null,
      "allowInvalidNPI": null,
      "officeName": "CABRINI HUPERBARIC UNIT",
      "address1": "880 East 59th Street",
      "address2": null,
      "city": "NYC",
      "preferredCity": "NEW YORK",
      "state": "NY",
      "zip": "10003",
      "overrideDuplicateAddress": "N",
      "zipSearch": "10003",
      "zipCodeId": null,
      "countryCode": "US",
      "countryISOCode2": null,
      "countryISOCode3": null,
      "latitude": 0,
      "longitude": 0,
      "region": "NY - Manhattan",
      "county": null,
      "distance": 0,
      "contactName": "NONE",
      "contactPhone": null,
      "contactExt": null,
      "contactEmail": null,
      "contactFax": null,
      "wheelchairAccess": "Y",
      "availableAfterHours": "N",
      "totalOfficeHours": null,
      "numberOfPhysicians": 1,
      "facilityOperatingNumber": null,
      "permanentFacilityID": null,
      "sundayStart": null,
      "sundayEnd": null,
      "mondayStart": "9:00:00 AM",
      "mondayEnd": "5:00:00 PM",
      "tuesdayStart": "9:00:00 AM",
      "tuesdayEnd": "5:00:00 PM",
      "wednesdayStart": "9:00:00 AM",
      "wednesdayEnd": "9:00:00 AM",
      "thursdayStart": "9:00:00 AM",
      "thursdayEnd": "5:00:00 PM",
      "fridayStart": "9:00:00 AM",
      "fridayEnd": "5:00:00 PM",
      "saturdayStart": "10:00:00 AM",
      "saturdayEnd": "2:00:00 PM",
      "showInWebDirectory": "y",
      "accessCode": "79885296",
      "contractingProviderID": null,
      "contractingProviderName": null,
      "contractingProviderNumber": null,
      "afterHoursContactMethod": null,
      "afterHoursContactMethodName": null,
      "lastUpdatedAt": "2008-02-26T16:45:57.357",
      "lastUpdatedBy": "HSP,HSP",
      "allowRAAccessOnWeb": "N",
      "language": null,
      "additionalService": null
    },
    {
      "officeID": 571,
      "officeNumber": "00000571",
      "npi": null,
      "allowInvalidNPI": null,
      "officeName": "CABRINI HUPERBARIC UNIT",
      "address1": "880 East 59th Street",
      "address2": null,
      "city": "NY",
      "preferredCity": "NEW YORK",
      "state": "NY",
      "zip": "10001",
      "overrideDuplicateAddress": "N",
      "zipSearch": "10001",
      "zipCodeId": null,
      "countryCode": "US",
      "countryISOCode2": null,
      "countryISOCode3": null,
      "latitude": 0,
      "longitude": 0,
      "region": "NY - Manhattan",
      "county": null,
      "distance": 0,
      "contactName": "NONE",
      "contactPhone": null,
      "contactExt": null,
      "contactEmail": null,
      "contactFax": null,
      "wheelchairAccess": null,
      "availableAfterHours": "n",
      "totalOfficeHours": null,
      "numberOfPhysicians": 1,
      "facilityOperatingNumber": null,
      "permanentFacilityID": null,
      "sundayStart": null,
      "sundayEnd": null,
      "mondayStart": "9:00:00 AM",
      "mondayEnd": "5:00:00 PM",
      "tuesdayStart": "9:00:00 AM",
      "tuesdayEnd": "5:00:00 PM",
      "wednesdayStart": "9:00:00 AM",
      "wednesdayEnd": "9:00:00 AM",
      "thursdayStart": "9:00:00 AM",
      "thursdayEnd": "5:00:00 PM",
      "fridayStart": "9:00:00 AM",
      "fridayEnd": "5:00:00 PM",
      "saturdayStart": "10:00:00 AM",
      "saturdayEnd": "2:00:00 PM",
      "showInWebDirectory": "y",
      "accessCode": "79895296",
      "contractingProviderID": null,
      "contractingProviderName": null,
      "contractingProviderNumber": null,
      "afterHoursContactMethod": null,
      "afterHoursContactMethodName": null,
      "lastUpdatedAt": "2008-02-26T16:45:57.403",
      "lastUpdatedBy": "HSP,HSP",
      "allowRAAccessOnWeb": "N",
      "language": null,
      "additionalService": null
    },
    {
      "officeID": 967,
      "officeNumber": "CAPOFF2",
      "npi": null,
      "allowInvalidNPI": "N",
      "officeName": "Capitation Office",
      "address1": "456 Cap St",
      "address2": null,
      "city": "MELVILLE",
      "preferredCity": "MELVILLE",
      "state": "NY",
      "zip": "11747",
      "overrideDuplicateAddress": "N",
      "zipSearch": "11747",
      "zipCodeId": 10934,
      "countryCode": "US",
      "countryISOCode2": "US",
      "countryISOCode3": "USA",
      "latitude": 40.785118,
      "longitude": -73.404965,
      "region": null,
      "county": "SUFFOLK",
      "distance": 0,
      "contactName": null,
      "contactPhone": null,
      "contactExt": null,
      "contactEmail": null,
      "contactFax": null,
      "wheelchairAccess": null,
      "availableAfterHours": "N",
      "totalOfficeHours": null,
      "numberOfPhysicians": 1,
      "facilityOperatingNumber": null,
      "permanentFacilityID": null,
      "sundayStart": null,
      "sundayEnd": null,
      "mondayStart": null,
      "mondayEnd": null,
      "tuesdayStart": null,
      "tuesdayEnd": null,
      "wednesdayStart": null,
      "wednesdayEnd": null,
      "thursdayStart": null,
      "thursdayEnd": null,
      "fridayStart": null,
      "fridayEnd": null,
      "saturdayStart": null,
      "saturdayEnd": null,
      "showInWebDirectory": "Y",
      "accessCode": "73755296",
      "contractingProviderID": null,
      "contractingProviderName": null,
      "contractingProviderNumber": null,
      "afterHoursContactMethod": null,
      "afterHoursContactMethodName": null,
      "lastUpdatedAt": "2017-07-10T15:44:47.13",
      "lastUpdatedBy": "Fonte, Angela",
      "allowRAAccessOnWeb": "N",
      "language": null,
      "additionalService": null
    },
    {
      "officeID": 965,
      "officeNumber": "CAPOFF1",
      "npi": null,
      "allowInvalidNPI": "N",
      "officeName": "Center for Capitation",
      "address1": "123 Cap St",
      "address2": null,
      "city": "MELVILLE",
      "preferredCity": "MELVILLE",
      "state": "NY",
      "zip": "11747",
      "overrideDuplicateAddress": "N",
      "zipSearch": "11747",
      "zipCodeId": 10934,
      "countryCode": "US",
      "countryISOCode2": "US",
      "countryISOCode3": "USA",
      "latitude": 40.785118,
      "longitude": -73.404965,
      "region": null,
      "county": "SUFFOLK",
      "distance": 0,
      "contactName": null,
      "contactPhone": null,
      "contactExt": null,
      "contactEmail": null,
      "contactFax": null,
      "wheelchairAccess": null,
      "availableAfterHours": "N",
      "totalOfficeHours": null,
      "numberOfPhysicians": 1,
      "facilityOperatingNumber": null,
      "permanentFacilityID": null,
      "sundayStart": null,
      "sundayEnd": null,
      "mondayStart": null,
      "mondayEnd": null,
      "tuesdayStart": null,
      "tuesdayEnd": null,
      "wednesdayStart": null,
      "wednesdayEnd": null,
      "thursdayStart": null,
      "thursdayEnd": null,
      "fridayStart": null,
      "fridayEnd": null,
      "saturdayStart": null,
      "saturdayEnd": null,
      "showInWebDirectory": "Y",
      "accessCode": "73735296",
      "contractingProviderID": null,
      "contractingProviderName": null,
      "contractingProviderNumber": null,
      "afterHoursContactMethod": null,
      "afterHoursContactMethodName": null,
      "lastUpdatedAt": "2017-07-10T15:43:04.963",
      "lastUpdatedBy": "Fonte, Angela",
      "allowRAAccessOnWeb": "N",
      "language": null,
      "additionalService": null
    },
    {
      "officeID": 20,
      "officeNumber": "00000020",
      "npi": null,
      "allowInvalidNPI": null,
      "officeName": "Center for Interventional Vascular Therapy",
      "address1": "P.O Box 4786",
      "address2": null,
      "city": "New York",
      "preferredCity": "NEW YORK",
      "state": "NY",
      "zip": "10087",
      "overrideDuplicateAddress": "N",
      "zipSearch": "10087",
      "zipCodeId": null,
      "countryCode": "US",
      "countryISOCode2": null,
      "countryISOCode3": null,
      "latitude": 0,
      "longitude": 0,
      "region": null,
      "county": null,
      "distance": 0,
      "contactName": "NONE",
      "contactPhone": null,
      "contactExt": null,
      "contactEmail": null,
      "contactFax": null,
      "wheelchairAccess": "Y",
      "availableAfterHours": "N",
      "totalOfficeHours": null,
      "numberOfPhysicians": 1,
      "facilityOperatingNumber": null,
      "permanentFacilityID": null,
      "sundayStart": null,
      "sundayEnd": null,
      "mondayStart": "9:00:00 AM",
      "mondayEnd": "5:00:00 PM",
      "tuesdayStart": "9:00:00 AM",
      "tuesdayEnd": "5:00:00 PM",
      "wednesdayStart": "9:00:00 AM",
      "wednesdayEnd": "9:00:00 AM",
      "thursdayStart": "9:00:00 AM",
      "thursdayEnd": "5:00:00 PM",
      "fridayStart": "9:00:00 AM",
      "fridayEnd": "5:00:00 PM",
      "saturdayStart": "10:00:00 AM",
      "saturdayEnd": "2:00:00 PM",
      "showInWebDirectory": "y",
      "accessCode": "74385296",
      "contractingProviderID": null,
      "contractingProviderName": null,
      "contractingProviderNumber": null,
      "afterHoursContactMethod": null,
      "afterHoursContactMethodName": null,
      "lastUpdatedAt": "2008-02-26T16:45:05.48",
      "lastUpdatedBy": "HSP,HSP",
      "allowRAAccessOnWeb": "N",
      "language": null,
      "additionalService": null
    },
    {
      "officeID": 799,
      "officeNumber": "00000799",
      "npi": null,
      "allowInvalidNPI": null,
      "officeName": "CHURCH STREET STATION",
      "address1": "100 Church Street",
      "address2": null,
      "city": "NEW YORK",
      "preferredCity": "NEW YORK",
      "state": "NY",
      "zip": "10261",
      "overrideDuplicateAddress": "N",
      "zipSearch": "10261",
      "zipCodeId": null,
      "countryCode": "US",
      "countryISOCode2": null,
      "countryISOCode3": null,
      "latitude": 0,
      "longitude": 0,
      "region": null,
      "county": null,
      "distance": 0,
      "contactName": "NONE",
      "contactPhone": "2125055050",
      "contactExt": null,
      "contactEmail": null,
      "contactFax": null,
      "wheelchairAccess": null,
      "availableAfterHours": "n",
      "totalOfficeHours": null,
      "numberOfPhysicians": 1,
      "facilityOperatingNumber": null,
      "permanentFacilityID": null,
      "sundayStart": null,
      "sundayEnd": null,
      "mondayStart": "9:00:00 AM",
      "mondayEnd": "5:00:00 PM",
      "tuesdayStart": "9:00:00 AM",
      "tuesdayEnd": "5:00:00 PM",
      "wednesdayStart": "9:00:00 AM",
      "wednesdayEnd": "9:00:00 AM",
      "thursdayStart": "9:00:00 AM",
      "thursdayEnd": "5:00:00 PM",
      "fridayStart": "9:00:00 AM",
      "fridayEnd": "5:00:00 PM",
      "saturdayStart": "10:00:00 AM",
      "saturdayEnd": "2:00:00 PM",
      "showInWebDirectory": "y",
      "accessCode": "71075296",
      "contractingProviderID": null,
      "contractingProviderName": null,
      "contractingProviderNumber": null,
      "afterHoursContactMethod": null,
      "afterHoursContactMethodName": null,
      "lastUpdatedAt": "2008-02-26T16:47:25.903",
      "lastUpdatedBy": "HSP,HSP",
      "allowRAAccessOnWeb": "N",
      "language": null,
      "additionalService": null
    },
    {
      "officeID": 202,
      "officeNumber": "00000202",
      "npi": null,
      "allowInvalidNPI": null,
      "officeName": "CHURCH STREET STATION",
      "address1": "100 Church Street",
      "address2": null,
      "city": "New York City",
      "preferredCity": "NEW YORK",
      "state": "NY",
      "zip": "10249",
      "overrideDuplicateAddress": "N",
      "zipSearch": "10249",
      "zipCodeId": null,
      "countryCode": "US",
      "countryISOCode2": null,
      "countryISOCode3": null,
      "latitude": 0,
      "longitude": 0,
      "region": null,
      "county": null,
      "distance": 0,
      "contactName": "NONE",
      "contactPhone": "5177876440",
      "contactExt": null,
      "contactEmail": null,
      "contactFax": null,
      "wheelchairAccess": "Y",
      "availableAfterHours": "N",
      "totalOfficeHours": null,
      "numberOfPhysicians": 1,
      "facilityOperatingNumber": null,
      "permanentFacilityID": null,
      "sundayStart": null,
      "sundayEnd": null,
      "mondayStart": "9:00:00 AM",
      "mondayEnd": "5:00:00 PM",
      "tuesdayStart": "9:00:00 AM",
      "tuesdayEnd": "5:00:00 PM",
      "wednesdayStart": "9:00:00 AM",
      "wednesdayEnd": "9:00:00 AM",
      "thursdayStart": "9:00:00 AM",
      "thursdayEnd": "5:00:00 PM",
      "fridayStart": "9:00:00 AM",
      "fridayEnd": "5:00:00 PM",
      "saturdayStart": "10:00:00 AM",
      "saturdayEnd": "2:00:00 PM",
      "showInWebDirectory": "y",
      "accessCode": "76105296",
      "contractingProviderID": null,
      "contractingProviderName": null,
      "contractingProviderNumber": null,
      "afterHoursContactMethod": null,
      "afterHoursContactMethodName": null,
      "lastUpdatedAt": "2008-02-26T16:45:19.25",
      "lastUpdatedBy": "HSP,HSP",
      "allowRAAccessOnWeb": "N",
      "language": null,
      "additionalService": null
    },
    {
      "officeID": 871,
      "officeNumber": "T1034",
      "npi": null,
      "allowInvalidNPI": "N",
      "officeName": "Citi Med Primary Health Clinic",
      "address1": "4401 Little Road",
      "address2": "Ste 520",
      "city": "EAST NORTHPORT",
      "preferredCity": "EAST NORTHPORT",
      "state": "NY",
      "zip": "11731",
      "overrideDuplicateAddress": "N",
      "zipSearch": "11731",
      "zipCodeId": 10886,
      "countryCode": "US",
      "countryISOCode2": "US",
      "countryISOCode3": "USA",
      "latitude": 40.856834,
      "longitude": -73.315422,
      "region": null,
      "county": "SUFFOLK",
      "distance": 0,
      "contactName": "NONE",
      "contactPhone": "2125555555",
      "contactExt": null,
      "contactEmail": null,
      "contactFax": null,
      "wheelchairAccess": null,
      "availableAfterHours": "N",
      "totalOfficeHours": null,
      "numberOfPhysicians": 1,
      "facilityOperatingNumber": null,
      "permanentFacilityID": null,
      "sundayStart": null,
      "sundayEnd": null,
      "mondayStart": null,
      "mondayEnd": null,
      "tuesdayStart": null,
      "tuesdayEnd": null,
      "wednesdayStart": null,
      "wednesdayEnd": null,
      "thursdayStart": null,
      "thursdayEnd": null,
      "fridayStart": null,
      "fridayEnd": null,
      "saturdayStart": null,
      "saturdayEnd": null,
      "showInWebDirectory": "Y",
      "accessCode": "72895296",
      "contractingProviderID": null,
      "contractingProviderName": null,
      "contractingProviderNumber": null,
      "afterHoursContactMethod": null,
      "afterHoursContactMethodName": null,
      "lastUpdatedAt": "2010-09-08T12:09:21.943",
      "lastUpdatedBy": "Stanco,Maria",
      "allowRAAccessOnWeb": "N",
      "language": null,
      "additionalService": null
    },
    {
      "officeID": 964,
      "officeNumber": "100000964",
      "npi": null,
      "allowInvalidNPI": "N",
      "officeName": "COLTON RANCH DIALYSIS",
      "address1": "1405 W VALLEY BLVD STE 100",
      "address2": null,
      "city": "COLTON",
      "preferredCity": "COLTON",
      "state": "CA",
      "zip": "92324",
      "overrideDuplicateAddress": "N",
      "zipSearch": "92324",
      "zipCodeId": 74003,
      "countryCode": "US",
      "countryISOCode2": "US",
      "countryISOCode3": "USA",
      "latitude": 34.026594,
      "longitude": -117.265254,
      "region": null,
      "county": "SAN BERNARDINO",
      "distance": 0,
      "contactName": null,
      "contactPhone": null,
      "contactExt": null,
      "contactEmail": null,
      "contactFax": null,
      "wheelchairAccess": null,
      "availableAfterHours": "N",
      "totalOfficeHours": null,
      "numberOfPhysicians": 1,
      "facilityOperatingNumber": null,
      "permanentFacilityID": null,
      "sundayStart": null,
      "sundayEnd": null,
      "mondayStart": null,
      "mondayEnd": null,
      "tuesdayStart": null,
      "tuesdayEnd": null,
      "wednesdayStart": null,
      "wednesdayEnd": null,
      "thursdayStart": null,
      "thursdayEnd": null,
      "fridayStart": null,
      "fridayEnd": null,
      "saturdayStart": null,
      "saturdayEnd": null,
      "showInWebDirectory": "Y",
      "accessCode": "73725296",
      "contractingProviderID": null,
      "contractingProviderName": null,
      "contractingProviderNumber": null,
      "afterHoursContactMethod": null,
      "afterHoursContactMethodName": null,
      "lastUpdatedAt": "2017-04-12T13:39:59.97",
      "lastUpdatedBy": "Dono, Elizabeth",
      "allowRAAccessOnWeb": "N",
      "language": null,
      "additionalService": null
    },
    {
      "officeID": 456,
      "officeNumber": "00000456",
      "npi": null,
      "allowInvalidNPI": null,
      "officeName": "Columbia Presbyterian Radiologist",
      "address1": "P.O. Box 29737",
      "address2": null,
      "city": "New York",
      "preferredCity": "NEW YORK",
      "state": "NY",
      "zip": "100879737 ",
      "overrideDuplicateAddress": "N",
      "zipSearch": "10087",
      "zipCodeId": null,
      "countryCode": "US",
      "countryISOCode2": null,
      "countryISOCode3": null,
      "latitude": 0,
      "longitude": 0,
      "region": null,
      "county": null,
      "distance": 0,
      "contactName": "NONE",
      "contactPhone": "8662762723",
      "contactExt": null,
      "contactEmail": null,
      "contactFax": null,
      "wheelchairAccess": "Y",
      "availableAfterHours": "N",
      "totalOfficeHours": null,
      "numberOfPhysicians": 1,
      "facilityOperatingNumber": null,
      "permanentFacilityID": null,
      "sundayStart": null,
      "sundayEnd": null,
      "mondayStart": "9:00:00 AM",
      "mondayEnd": "5:00:00 PM",
      "tuesdayStart": "9:00:00 AM",
      "tuesdayEnd": "5:00:00 PM",
      "wednesdayStart": "9:00:00 AM",
      "wednesdayEnd": "9:00:00 AM",
      "thursdayStart": "9:00:00 AM",
      "thursdayEnd": "5:00:00 PM",
      "fridayStart": "9:00:00 AM",
      "fridayEnd": "5:00:00 PM",
      "saturdayStart": "10:00:00 AM",
      "saturdayEnd": "2:00:00 PM",
      "showInWebDirectory": "y",
      "accessCode": "78645296",
      "contractingProviderID": null,
      "contractingProviderName": null,
      "contractingProviderNumber": null,
      "afterHoursContactMethod": null,
      "afterHoursContactMethodName": null,
      "lastUpdatedAt": "2008-02-26T16:45:43.84",
      "lastUpdatedBy": "HSP,HSP",
      "allowRAAccessOnWeb": "N",
      "language": null,
      "additionalService": null
    },
    {
      "officeID": 468,
      "officeNumber": "00000468",
      "npi": null,
      "allowInvalidNPI": null,
      "officeName": "COLUMBUS CIRCLE STATION",
      "address1": "P.O. BOX 20988",
      "address2": null,
      "city": "NEW YORK",
      "preferredCity": "NEW YORK",
      "state": "NY",
      "zip": "10023",
      "overrideDuplicateAddress": "N",
      "zipSearch": "10023",
      "zipCodeId": null,
      "countryCode": "US",
      "countryISOCode2": null,
      "countryISOCode3": null,
      "latitude": 0,
      "longitude": 0,
      "region": null,
      "county": null,
      "distance": 0,
      "contactName": "NONE",
      "contactPhone": "2122624444",
      "contactExt": null,
      "contactEmail": null,
      "contactFax": null,
      "wheelchairAccess": "Y",
      "availableAfterHours": "N",
      "totalOfficeHours": null,
      "numberOfPhysicians": 1,
      "facilityOperatingNumber": null,
      "permanentFacilityID": null,
      "sundayStart": null,
      "sundayEnd": null,
      "mondayStart": "9:00:00 AM",
      "mondayEnd": "5:00:00 PM",
      "tuesdayStart": "9:00:00 AM",
      "tuesdayEnd": "5:00:00 PM",
      "wednesdayStart": "9:00:00 AM",
      "wednesdayEnd": "9:00:00 AM",
      "thursdayStart": "9:00:00 AM",
      "thursdayEnd": "5:00:00 PM",
      "fridayStart": "9:00:00 AM",
      "fridayEnd": "5:00:00 PM",
      "saturdayStart": "10:00:00 AM",
      "saturdayEnd": "2:00:00 PM",
      "showInWebDirectory": "y",
      "accessCode": "78765296",
      "contractingProviderID": null,
      "contractingProviderName": null,
      "contractingProviderNumber": null,
      "afterHoursContactMethod": null,
      "afterHoursContactMethodName": null,
      "lastUpdatedAt": "2008-02-26T16:45:45.53",
      "lastUpdatedBy": "HSP,HSP",
      "allowRAAccessOnWeb": "N",
      "language": null,
      "additionalService": null
    },
    {
      "officeID": 609,
      "officeNumber": "00000609",
      "npi": null,
      "allowInvalidNPI": null,
      "officeName": "Community Physical Therapy Of Brooklyn",
      "address1": "1818 Newkirk Avenue",
      "address2": null,
      "city": "Brooklyn",
      "preferredCity": "BROOKLYN",
      "state": "NY",
      "zip": "11226",
      "overrideDuplicateAddress": "N",
      "zipSearch": "11226",
      "zipCodeId": null,
      "countryCode": "US",
      "countryISOCode2": null,
      "countryISOCode3": null,
      "latitude": 0,
      "longitude": 0,
      "region": null,
      "county": null,
      "distance": 0,
      "contactName": "NONE",
      "contactPhone": "7188592626",
      "contactExt": null,
      "contactEmail": null,
      "contactFax": null,
      "wheelchairAccess": "Y",
      "availableAfterHours": "N",
      "totalOfficeHours": null,
      "numberOfPhysicians": 1,
      "facilityOperatingNumber": null,
      "permanentFacilityID": null,
      "sundayStart": null,
      "sundayEnd": null,
      "mondayStart": "9:00:00 AM",
      "mondayEnd": "5:00:00 PM",
      "tuesdayStart": "9:00:00 AM",
      "tuesdayEnd": "5:00:00 PM",
      "wednesdayStart": "9:00:00 AM",
      "wednesdayEnd": "9:00:00 AM",
      "thursdayStart": "9:00:00 AM",
      "thursdayEnd": "5:00:00 PM",
      "fridayStart": "9:00:00 AM",
      "fridayEnd": "5:00:00 PM",
      "saturdayStart": "10:00:00 AM",
      "saturdayEnd": "2:00:00 PM",
      "showInWebDirectory": "y",
      "accessCode": "70175296",
      "contractingProviderID": null,
      "contractingProviderName": null,
      "contractingProviderNumber": null,
      "afterHoursContactMethod": null,
      "afterHoursContactMethodName": null,
      "lastUpdatedAt": "2008-02-26T16:46:02.217",
      "lastUpdatedBy": "HSP,HSP",
      "allowRAAccessOnWeb": "N",
      "language": null,
      "additionalService": null
    },
    {
      "officeID": 869,
      "officeNumber": "T1030",
      "npi": null,
      "allowInvalidNPI": "N",
      "officeName": "Complete Sleep Inc",
      "address1": "2931 Oak Park",
      "address2": "NULL",
      "city": "GREAT NECK",
      "preferredCity": "GREAT NECK",
      "state": "NY",
      "zip": "11020",
      "overrideDuplicateAddress": "N",
      "zipSearch": "11020",
      "zipCodeId": 10332,
      "countryCode": "US",
      "countryISOCode2": "US",
      "countryISOCode3": "USA",
      "latitude": 40.771945,
      "longitude": -73.712534,
      "region": null,
      "county": "NASSAU",
      "distance": 0,
      "contactName": "NONE",
      "contactPhone": "2125555555",
      "contactExt": null,
      "contactEmail": null,
      "contactFax": null,
      "wheelchairAccess": null,
      "availableAfterHours": "N",
      "totalOfficeHours": null,
      "numberOfPhysicians": 1,
      "facilityOperatingNumber": null,
      "permanentFacilityID": null,
      "sundayStart": null,
      "sundayEnd": null,
      "mondayStart": null,
      "mondayEnd": null,
      "tuesdayStart": null,
      "tuesdayEnd": null,
      "wednesdayStart": null,
      "wednesdayEnd": null,
      "thursdayStart": null,
      "thursdayEnd": null,
      "fridayStart": null,
      "fridayEnd": null,
      "saturdayStart": null,
      "saturdayEnd": null,
      "showInWebDirectory": "Y",
      "accessCode": "72775296",
      "contractingProviderID": null,
      "contractingProviderName": null,
      "contractingProviderNumber": null,
      "afterHoursContactMethod": null,
      "afterHoursContactMethodName": null,
      "lastUpdatedAt": "2010-09-08T12:09:21.773",
      "lastUpdatedBy": "Stanco,Maria",
      "allowRAAccessOnWeb": "N",
      "language": null,
      "additionalService": null
    },
    {
      "officeID": 398,
      "officeNumber": "00000398",
      "npi": null,
      "allowInvalidNPI": null,
      "officeName": "COOPER STATION",
      "address1": "P.O. BOX 1407",
      "address2": null,
      "city": "NEW YORK",
      "preferredCity": "NEW YORK",
      "state": "NY",
      "zip": "10276",
      "overrideDuplicateAddress": "N",
      "zipSearch": "10276",
      "zipCodeId": null,
      "countryCode": "US",
      "countryISOCode2": null,
      "countryISOCode3": null,
      "latitude": 0,
      "longitude": 0,
      "region": null,
      "county": null,
      "distance": 0,
      "contactName": "NONE",
      "contactPhone": "2125055050",
      "contactExt": null,
      "contactEmail": null,
      "contactFax": null,
      "wheelchairAccess": "Y",
      "availableAfterHours": "n",
      "totalOfficeHours": null,
      "numberOfPhysicians": 1,
      "facilityOperatingNumber": null,
      "permanentFacilityID": null,
      "sundayStart": null,
      "sundayEnd": null,
      "mondayStart": "9:00:00 AM",
      "mondayEnd": "5:00:00 PM",
      "tuesdayStart": "9:00:00 AM",
      "tuesdayEnd": "5:00:00 PM",
      "wednesdayStart": "9:00:00 AM",
      "wednesdayEnd": "9:00:00 AM",
      "thursdayStart": "9:00:00 AM",
      "thursdayEnd": "5:00:00 PM",
      "fridayStart": "9:00:00 AM",
      "fridayEnd": "5:00:00 PM",
      "saturdayStart": "10:00:00 AM",
      "saturdayEnd": "2:00:00 PM",
      "showInWebDirectory": "y",
      "accessCode": "77065296",
      "contractingProviderID": null,
      "contractingProviderName": null,
      "contractingProviderNumber": null,
      "afterHoursContactMethod": null,
      "afterHoursContactMethodName": null,
      "lastUpdatedAt": "2008-02-26T16:45:37.7",
      "lastUpdatedBy": "HSP,HSP",
      "allowRAAccessOnWeb": "N",
      "language": null,
      "additionalService": null
    },
    {
      "officeID": 220,
      "officeNumber": "00000220",
      "npi": null,
      "allowInvalidNPI": null,
      "officeName": "Cornell Anesthesia",
      "address1": "P.O. Box 9347",
      "address2": null,
      "city": "New York",
      "preferredCity": "NEW YORK",
      "state": "NY",
      "zip": "10087",
      "overrideDuplicateAddress": "N",
      "zipSearch": "10087",
      "zipCodeId": null,
      "countryCode": "US",
      "countryISOCode2": null,
      "countryISOCode3": null,
      "latitude": 0,
      "longitude": 0,
      "region": null,
      "county": null,
      "distance": 0,
      "contactName": "NONE",
      "contactPhone": null,
      "contactExt": null,
      "contactEmail": null,
      "contactFax": null,
      "wheelchairAccess": "Y",
      "availableAfterHours": "N",
      "totalOfficeHours": null,
      "numberOfPhysicians": 1,
      "facilityOperatingNumber": null,
      "permanentFacilityID": null,
      "sundayStart": null,
      "sundayEnd": null,
      "mondayStart": "9:00:00 AM",
      "mondayEnd": "5:00:00 PM",
      "tuesdayStart": "9:00:00 AM",
      "tuesdayEnd": "5:00:00 PM",
      "wednesdayStart": "9:00:00 AM",
      "wednesdayEnd": "9:00:00 AM",
      "thursdayStart": "9:00:00 AM",
      "thursdayEnd": "5:00:00 PM",
      "fridayStart": "9:00:00 AM",
      "fridayEnd": "5:00:00 PM",
      "saturdayStart": "10:00:00 AM",
      "saturdayEnd": "2:00:00 PM",
      "showInWebDirectory": "y",
      "accessCode": "76385296",
      "contractingProviderID": null,
      "contractingProviderName": null,
      "contractingProviderNumber": null,
      "afterHoursContactMethod": null,
      "afterHoursContactMethodName": null,
      "lastUpdatedAt": "2008-02-26T16:45:20.733",
      "lastUpdatedBy": "HSP,HSP",
      "allowRAAccessOnWeb": "N",
      "language": null,
      "additionalService": null
    }
  ],
  "containsOnlyHeaders": false,
  "outputMessages": null,
  "sqlExceptioMessages": null
}