{
  "metaData": {
    "status": 0
  },
  "listviewProfileSettingsDTO": [
    {
      "listviewControlId": "90",
      "interface": "ee_GetOffices_V2",
      "initUsage": "|INIT|",
      "isPaging": "N",
      "formatters": null,
      "settings": "{\"ListviewSettings\":{\"VisibleColumns\":{\"Column\":[{\"@Name\":\"OfficeNumber\",\"@DisplayIndex\":\"0\"},{\"@Name\":\"OfficeName\",\"@DisplayIndex\":\"1\"},{\"@Name\":\"Address1\",\"@DisplayIndex\":\"2\"},{\"@Name\":\"Address2\",\"@DisplayIndex\":\"3\"},{\"@Name\":\"City\",\"@DisplayIndex\":\"4\"},{\"@Name\":\"PreferredCity\",\"@DisplayIndex\":\"5\"},{\"@Name\":\"State\",\"@DisplayIndex\":\"6\"},{\"@Name\":\"Zip\",\"@DisplayIndex\":\"7\"},{\"@Name\":\"County\",\"@DisplayIndex\":\"8\"},{\"@Name\":\"Region\",\"@DisplayIndex\":\"9\"},{\"@Name\":\"ContactName\",\"@DisplayIndex\":\"10\"},{\"@Name\":\"ContactPhone\",\"@DisplayIndex\":\"11\"},{\"@Name\":\"ContactExt\",\"@DisplayIndex\":\"12\"},{\"@Name\":\"ContactFax\",\"@DisplayIndex\":\"13\"},{\"@Name\":\"NPI\",\"@DisplayIndex\":\"14\"},{\"@Name\":\"Distance\",\"@DisplayIndex\":\"15\"},{\"@Name\":\"WheelchairAccess\",\"@DisplayIndex\":\"16\"},{\"@Name\":\"AvailableAfterHours\",\"@DisplayIndex\":\"17\"},{\"@Name\":\"TotalOfficeHours\",\"@DisplayIndex\":\"18\"},{\"@Name\":\"NumberOfPhysicians\",\"@DisplayIndex\":\"19\"},{\"@Name\":\"FacilityOperatingNumber\",\"@DisplayIndex\":\"20\"},{\"@Name\":\"PermanentFacilityID\",\"@DisplayIndex\":\"21\"},{\"@Name\":\"AccessCode\",\"@DisplayIndex\":\"22\"},{\"@Name\":\"ContractingProviderName\",\"@DisplayIndex\":\"23\"},{\"@Name\":\"SundayStart\",\"@DisplayIndex\":\"24\"},{\"@Name\":\"SundayEnd\",\"@DisplayIndex\":\"25\"},{\"@Name\":\"MondayStart\",\"@DisplayIndex\":\"26\"},{\"@Name\":\"MondayEnd\",\"@DisplayIndex\":\"27\"},{\"@Name\":\"TuesdayStart\",\"@DisplayIndex\":\"28\"},{\"@Name\":\"TuesdayEnd\",\"@DisplayIndex\":\"29\"},{\"@Name\":\"WednesdayStart\",\"@DisplayIndex\":\"30\"},{\"@Name\":\"WednesdayEnd\",\"@DisplayIndex\":\"31\"},{\"@Name\":\"ThursdayStart\",\"@DisplayIndex\":\"32\"},{\"@Name\":\"ThursdayEnd\",\"@DisplayIndex\":\"33\"},{\"@Name\":\"FridayStart\",\"@DisplayIndex\":\"34\"},{\"@Name\":\"FridayEnd\",\"@DisplayIndex\":\"35\"},{\"@Name\":\"SaturdayStart\",\"@DisplayIndex\":\"36\"},{\"@Name\":\"SaturdayEnd\",\"@DisplayIndex\":\"37\"},{\"@Name\":\"ShowInWebDirectory\",\"@DisplayIndex\":\"38\"},{\"@Name\":\"LastUpdatedAt\",\"@DisplayIndex\":\"39\"},{\"@Name\":\"LastUpdatedBy\",\"@DisplayIndex\":\"40\"}]},\"SortColumns\":null}}",
      "listviewProfileSettingId": null,
      "profileId": null
    }
  ],
  "outputMessages": null,
  "sqlExceptioMessages": null
}