{
  "countMetadata": {
    "status": "0",
    "rowCount": null,
    "totalCount": null,
    "restrictedCount": null,
    "permissionedUserReports": null,
    "inactiveUserReports": null,
    "adjustmentVersion": null,
    "processingStatus": null,
    "hasOpenSessions": null,
    "sessionId": null,
    "apiSessionID": null,
    "userId": null,
    "databaseVersion": null,
    "updatePassword": null,
    "warningMessage": null,
    "totalRows": null,
    "listViewProfileSettingId": null,
    "parAmount": null,
    "stopLossAmount": null,
    "caseNumber": null,
    "caseID": null,
    "diagnosisCodes": null,
    "procedureCodes": null,
    "identity": null,
    "salesTaxRateID": null,
    "corporationDetailID": null,
    "billingEntityUserMapId": null,
    "reconciliationId": null,
    "reconciliationPaymentId": null,
    "jobDetailsID": null,
    "errorMsg": null,
    "billingEntityMapId": null,
    "levyId": null
  },
  "demographicsFromZipDTOs": [
    {
      "demographic": "ALBANY"
    },
    {
      "demographic": "ALLEGANY"
    },
    {
      "demographic": "BRONX"
    },
    {
      "demographic": "BROOME"
    },
    {
      "demographic": "CATTARAUGUS"
    },
    {
      "demographic": "CAYUGA"
    },
    {
      "demographic": "CHAUTAUQUA"
    },
    {
      "demographic": "CHEMUNG"
    },
    {
      "demographic": "CHENANGO"
    },
    {
      "demographic": "CLINTON"
    },
    {
      "demographic": "COLUMBIA"
    },
    {
      "demographic": "CORTLAND"
    },
    {
      "demographic": "DELAWARE"
    },
    {
      "demographic": "DUTCHESS"
    },
    {
      "demographic": "ERIE"
    },
    {
      "demographic": "ESSEX"
    },
    {
      "demographic": "FRANKLIN"
    },
    {
      "demographic": "FULTON"
    },
    {
      "demographic": "GENESEE"
    },
    {
      "demographic": "GREENE"
    },
    {
      "demographic": "HAMILTON"
    },
    {
      "demographic": "HERKIMER"
    },
    {
      "demographic": "JEFFERSON"
    },
    {
      "demographic": "KINGS"
    },
    {
      "demographic": "LEWIS"
    },
    {
      "demographic": "LIVINGSTON"
    },
    {
      "demographic": "MADISON"
    },
    {
      "demographic": "MONROE"
    },
    {
      "demographic": "MONTGOMERY"
    },
    {
      "demographic": "NASSAU"
    },
    {
      "demographic": "NEW YORK"
    },
    {
      "demographic": "NIAGARA"
    },
    {
      "demographic": "ONEIDA"
    },
    {
      "demographic": "ONONDAGA"
    },
    {
      "demographic": "ONTARIO"
    },
    {
      "demographic": "ORANGE"
    },
    {
      "demographic": "ORLEANS"
    },
    {
      "demographic": "OSWEGO"
    },
    {
      "demographic": "OTSEGO"
    },
    {
      "demographic": "PUTNAM"
    },
    {
      "demographic": "QUEENS"
    },
    {
      "demographic": "RENSSELAER"
    },
    {
      "demographic": "RICHMOND"
    },
    {
      "demographic": "ROCKLAND"
    },
    {
      "demographic": "SAINT LAWRENCE"
    },
    {
      "demographic": "SARATOGA"
    },
    {
      "demographic": "SCHENECTADY"
    },
    {
      "demographic": "SCHOHARIE"
    },
    {
      "demographic": "SCHUYLER"
    },
    {
      "demographic": "SENECA"
    },
    {
      "demographic": "STEUBEN"
    },
    {
      "demographic": "SUFFOLK"
    },
    {
      "demographic": "SULLIVAN"
    },
    {
      "demographic": "TIOGA"
    },
    {
      "demographic": "TOMPKINS"
    },
    {
      "demographic": "ULSTER"
    },
    {
      "demographic": "WARREN"
    },
    {
      "demographic": "WASHINGTON"
    },
    {
      "demographic": "WAYNE"
    },
    {
      "demographic": "WESTCHESTER"
    },
    {
      "demographic": "WYOMING"
    },
    {
      "demographic": "YATES"
    }
  ],
  "containsOnlyHeaders": false,
  "outputMessages": null,
  "sqlExceptioMessages": null
}
