{
  "countMetadata": {
    "status": "0",
    "rowCount": "11",
    "totalCount": "11",
    "restrictedCount": null,
    "permissionedUserReports": null,
    "inactiveUserReports": null,
    "adjustmentVersion": null,
    "processingStatus": null,
    "hasOpenSessions": null,
    "sessionId": null,
    "apiSessionID": null,
    "userId": null,
    "databaseVersion": null,
    "updatePassword": null,
    "warningMessage": null,
    "totalRows": null,
    "listViewProfileSettingId": null,
    "parAmount": null,
    "stopLossAmount": null,
    "caseNumber": null,
    "caseID": null,
    "diagnosisCodes": null,
    "procedureCodes": null,
    "identity": null,
    "salesTaxRateID": null,
    "corporationDetailID": null,
    "billingEntityUserMapId": null,
    "reconciliationId": null,
    "reconciliationPaymentId": null,
    "jobDetailsID": null,
    "errorMsg": null,
    "billingEntityMapId": null,
    "levyId": null
  },
  "referenceCodes_V2DTOs": [
    {
      "referenceCodeID": 7255,
      "type": "Region",
      "subtype": "Region",
      "sortKey": 2,
      "code": "MNY",
      "name": "NY - Manhattan",
      "description": "NY - Manhattan Contractor 13202 Locality 01",
      "fedNumber": null,
      "stateNumber": null,
      "appNumber": null,
      "class": "User",
      "visible": null,
      "effectiveDate": "1900-01-01T00:00:00",
      "expirationDate": "9999-12-31T00:00:00",
      "lastUpdatedAt": "2013-05-23T12:01:40.32",
      "lastupdatedByID": 84,
      "fullName": "Stanco,Maria",
      "lastupdatedBy": "Stanco,Maria",
      "productName": null
    },
    {
      "referenceCodeID": 7256,
      "type": "Region",
      "subtype": "Region",
      "sortKey": 3,
      "code": "LNY",
      "name": "NY - NYC Suburbs/Long Island",
      "description": "NY - NYC Suburbs/Long Island Contractor 13202 Locality 02",
      "fedNumber": null,
      "stateNumber": null,
      "appNumber": null,
      "class": "User",
      "visible": null,
      "effectiveDate": "1900-01-01T00:00:00",
      "expirationDate": "9999-12-31T00:00:00",
      "lastUpdatedAt": "2013-05-23T12:01:49.107",
      "lastupdatedByID": 84,
      "fullName": "Stanco,Maria",
      "lastupdatedBy": "Stanco,Maria",
      "productName": null
    },
    {
      "referenceCodeID": 7257,
      "type": "Region",
      "subtype": "Region",
      "sortKey": 4,
      "code": "PNY",
      "name": "NY - Poughkpsie/NYC Suburbs",
      "description": "NY - Poughkpsie/NYC Suburbs Contractor 13202 Locality 03",
      "fedNumber": null,
      "stateNumber": null,
      "appNumber": null,
      "class": "User",
      "visible": null,
      "effectiveDate": "1900-01-01T00:00:00",
      "expirationDate": "9999-12-31T00:00:00",
      "lastUpdatedAt": "2013-05-23T12:01:58.387",
      "lastupdatedByID": 84,
      "fullName": "Stanco,Maria",
      "lastupdatedBy": "Stanco,Maria",
      "productName": null
    },
    {
      "referenceCodeID": 7258,
      "type": "Region",
      "subtype": "Region",
      "sortKey": 5,
      "code": "QNY",
      "name": "NY - Queens",
      "description": "NY - Queens Contractor 13292 Locality 04",
      "fedNumber": null,
      "stateNumber": null,
      "appNumber": null,
      "class": "User",
      "visible": null,
      "effectiveDate": "1900-01-01T00:00:00",
      "expirationDate": "9999-12-31T00:00:00",
      "lastUpdatedAt": "2013-05-23T12:02:16.353",
      "lastupdatedByID": 84,
      "fullName": "Stanco,Maria",
      "lastupdatedBy": "Stanco,Maria",
      "productName": null
    },
    {
      "referenceCodeID": 7259,
      "type": "Region",
      "subtype": "Region",
      "sortKey": 6,
      "code": "ZNY",
      "name": "NY - Rest of New York",
      "description": "NY - Rest of New York Contractor 13282 Locality 99",
      "fedNumber": null,
      "stateNumber": null,
      "appNumber": null,
      "class": "User",
      "visible": null,
      "effectiveDate": "1900-01-01T00:00:00",
      "expirationDate": "9999-12-31T00:00:00",
      "lastUpdatedAt": "2013-05-23T12:02:35.28",
      "lastupdatedByID": 84,
      "fullName": "Stanco,Maria",
      "lastupdatedBy": "Stanco,Maria",
      "productName": null
    },
    {
      "referenceCodeID": 7260,
      "type": "Region",
      "subtype": "Region",
      "sortKey": 7,
      "code": "ATX",
      "name": "TX - Austin",
      "description": "TX - Austin Contractor 04402 Locality 31",
      "fedNumber": null,
      "stateNumber": null,
      "appNumber": null,
      "class": "User",
      "visible": null,
      "effectiveDate": "1900-01-01T00:00:00",
      "expirationDate": "9999-12-31T00:00:00",
      "lastUpdatedAt": "2013-05-23T12:11:52.657",
      "lastupdatedByID": 84,
      "fullName": "Stanco,Maria",
      "lastupdatedBy": "Stanco,Maria",
      "productName": null
    },
    {
      "referenceCodeID": 7261,
      "type": "Region",
      "subtype": "Region",
      "sortKey": 8,
      "code": "BTX",
      "name": "TX - Beaumont",
      "description": "TX - Beaumont Contractor 04402 Locality 20",
      "fedNumber": null,
      "stateNumber": null,
      "appNumber": null,
      "class": "User",
      "visible": null,
      "effectiveDate": "1900-01-01T00:00:00",
      "expirationDate": "9999-12-31T00:00:00",
      "lastUpdatedAt": "2013-05-23T12:12:54.2",
      "lastupdatedByID": 84,
      "fullName": "Stanco,Maria",
      "lastupdatedBy": "Stanco,Maria",
      "productName": null
    },
    {
      "referenceCodeID": 7262,
      "type": "Region",
      "subtype": "Region",
      "sortKey": 9,
      "code": "BBT",
      "name": "TX - Brazoria",
      "description": "TX - Brazoria Contractor 04402 Locality 09",
      "fedNumber": null,
      "stateNumber": null,
      "appNumber": null,
      "class": "User",
      "visible": null,
      "effectiveDate": "1900-01-01T00:00:00",
      "expirationDate": "9999-12-31T00:00:00",
      "lastUpdatedAt": "2013-05-23T12:13:32.71",
      "lastupdatedByID": 84,
      "fullName": "Stanco,Maria",
      "lastupdatedBy": "Stanco,Maria",
      "productName": null
    },
    {
      "referenceCodeID": 7263,
      "type": "Region",
      "subtype": "Region",
      "sortKey": 10,
      "code": "DTX",
      "name": "TX - Dallas",
      "description": "TX - Dallas Contractor 04402 Locality 11",
      "fedNumber": null,
      "stateNumber": null,
      "appNumber": null,
      "class": "User",
      "visible": null,
      "effectiveDate": "1900-01-01T00:00:00",
      "expirationDate": "9999-12-31T00:00:00",
      "lastUpdatedAt": "2013-05-23T12:14:13.443",
      "lastupdatedByID": 84,
      "fullName": "Stanco,Maria",
      "lastupdatedBy": "Stanco,Maria",
      "productName": null
    },
    {
      "referenceCodeID": 7264,
      "type": "Region",
      "subtype": "Region",
      "sortKey": 11,
      "code": "HTX",
      "name": "TX - Houston",
      "description": "TX - Houston Contractor 04402 Locality 18",
      "fedNumber": null,
      "stateNumber": null,
      "appNumber": null,
      "class": "User",
      "visible": null,
      "effectiveDate": "1900-01-01T00:00:00",
      "expirationDate": "9999-12-31T00:00:00",
      "lastUpdatedAt": "2013-05-23T12:15:04.547",
      "lastupdatedByID": 84,
      "fullName": "Stanco,Maria",
      "lastupdatedBy": "Stanco,Maria",
      "productName": null
    },
    {
      "referenceCodeID": 2932,
      "type": "Region",
      "subtype": "Region",
      "sortKey": 99,
      "code": "DFT",
      "name": "Default Region",
      "description": "Default Region",
      "fedNumber": null,
      "stateNumber": null,
      "appNumber": null,
      "class": "User",
      "visible": null,
      "effectiveDate": "1900-01-01T00:00:00",
      "expirationDate": "9999-12-31T00:00:00",
      "lastUpdatedAt": "2013-05-23T12:15:12.517",
      "lastupdatedByID": 84,
      "fullName": "Stanco,Maria",
      "lastupdatedBy": "Stanco,Maria",
      "productName": null
    }
  ],
  "containsOnlyHeaders": false,
  "outputMessages": null,
  "sqlExceptioMessages": null
}
