{
  "countMetadata": {
    "status": "0",
    "rowCount": "6",
    "totalCount": "6",
    "restrictedCount": null,
    "permissionedUserReports": null,
    "inactiveUserReports": null,
    "adjustmentVersion": null,
    "processingStatus": null,
    "hasOpenSessions": null,
    "sessionId": null,
    "apiSessionID": null,
    "userId": null,
    "databaseVersion": null,
    "updatePassword": null,
    "warningMessage": null,
    "totalRows": null,
    "listViewProfileSettingId": null,
    "parAmount": null,
    "stopLossAmount": null,
    "caseNumber": null,
    "caseID": null,
    "diagnosisCodes": null,
    "procedureCodes": null,
    "identity": null,
    "salesTaxRateID": null,
    "corporationDetailID": null,
    "billingEntityUserMapId": null,
    "reconciliationId": null,
    "reconciliationPaymentId": null,
    "jobDetailsID": null,
    "errorMsg": null,
    "billingEntityMapId": null,
    "levyId": null
  },
  "referenceCodes_V2DTOs": [
    {
      "referenceCodeID": 2759,
      "type": "ADDITIONALSERVICE",
      "subtype": "ADDITIONALSERVICE",
      "sortKey": 1,
      "code": "ANE",
      "name": "Anesthesia",
      "description": "Anesthesia",
      "fedNumber": null,
      "stateNumber": null,
      "appNumber": null,
      "class": "USER",
      "visible": null,
      "effectiveDate": "1900-01-01T00:00:00",
      "expirationDate": "9999-12-31T00:00:00",
      "lastUpdatedAt": "2008-01-15T10:29:30.217",
      "lastupdatedByID": 1,
      "fullName": "HSP, HSP",
      "lastupdatedBy": "HSP, HSP",
      "productName": null
    },
    {
      "referenceCodeID": 2760,
      "type": "ADDITIONALSERVICE",
      "subtype": "ADDITIONALSERVICE",
      "sortKey": 2,
      "code": "ENG",
      "name": "X-Ray",
      "description": "X-Ray",
      "fedNumber": null,
      "stateNumber": null,
      "appNumber": null,
      "class": "USER",
      "visible": null,
      "effectiveDate": "1900-01-01T00:00:00",
      "expirationDate": "9999-12-31T00:00:00",
      "lastUpdatedAt": "2008-01-15T10:29:30.217",
      "lastupdatedByID": 1,
      "fullName": "HSP, HSP",
      "lastupdatedBy": "HSP, HSP",
      "productName": null
    },
    {
      "referenceCodeID": 2761,
      "type": "ADDITIONALSERVICE",
      "subtype": "ADDITIONALSERVICE",
      "sortKey": 3,
      "code": "LAB",
      "name": "Lab",
      "description": "Lab",
      "fedNumber": null,
      "stateNumber": null,
      "appNumber": null,
      "class": "USER",
      "visible": null,
      "effectiveDate": "1900-01-01T00:00:00",
      "expirationDate": "9999-12-31T00:00:00",
      "lastUpdatedAt": "2008-01-15T10:29:30.217",
      "lastupdatedByID": 1,
      "fullName": "HSP, HSP",
      "lastupdatedBy": "HSP, HSP",
      "productName": null
    },
    {
      "referenceCodeID": 2762,
      "type": "ADDITIONALSERVICE",
      "subtype": "ADDITIONALSERVICE",
      "sortKey": 4,
      "code": "RX",
      "name": "RX",
      "description": "RX",
      "fedNumber": null,
      "stateNumber": null,
      "appNumber": null,
      "class": "USER",
      "visible": null,
      "effectiveDate": "1900-01-01T00:00:00",
      "expirationDate": "9999-12-31T00:00:00",
      "lastUpdatedAt": "2008-01-15T10:29:30.233",
      "lastupdatedByID": 1,
      "fullName": "HSP, HSP",
      "lastupdatedBy": "HSP, HSP",
      "productName": null
    },
    {
      "referenceCodeID": 2763,
      "type": "ADDITIONALSERVICE",
      "subtype": "ADDITIONALSERVICE",
      "sortKey": 5,
      "code": "EYE",
      "name": "Eyeware Dispensed",
      "description": "Eyeware Dispensed",
      "fedNumber": null,
      "stateNumber": null,
      "appNumber": null,
      "class": "USER",
      "visible": null,
      "effectiveDate": "1900-01-01T00:00:00",
      "expirationDate": "9999-12-31T00:00:00",
      "lastUpdatedAt": "2008-01-15T10:29:30.233",
      "lastupdatedByID": 1,
      "fullName": "HSP, HSP",
      "lastupdatedBy": "HSP, HSP",
      "productName": null
    },
    {
      "referenceCodeID": 2764,
      "type": "ADDITIONALSERVICE",
      "subtype": "ADDITIONALSERVICE",
      "sortKey": 6,
      "code": "CON",
      "name": "Contacts Dispensed",
      "description": "Contacts Dispensed",
      "fedNumber": null,
      "stateNumber": null,
      "appNumber": null,
      "class": "USER",
      "visible": null,
      "effectiveDate": "1900-01-01T00:00:00",
      "expirationDate": "9999-12-31T00:00:00",
      "lastUpdatedAt": "2008-01-15T10:29:30.233",
      "lastupdatedByID": 1,
      "fullName": "HSP, HSP",
      "lastupdatedBy": "HSP, HSP",
      "productName": null
    }
  ],
  "containsOnlyHeaders": false,
  "outputMessages": null,
  "sqlExceptioMessages": null
}
