{
  "countMetadata": {
    "status": "0",
    "rowCount": null,
    "totalCount": null,
    "restrictedCount": null,
    "permissionedUserReports": null,
    "inactiveUserReports": null,
    "adjustmentVersion": null,
    "processingStatus": null,
    "hasOpenSessions": null,
    "sessionId": null,
    "apiSessionID": null,
    "userId": null,
    "databaseVersion": null,
    "updatePassword": null,
    "warningMessage": null,
    "totalRows": null,
    "listViewProfileSettingId": null,
    "parAmount": null,
    "stopLossAmount": null,
    "caseNumber": null,
    "caseID": null,
    "diagnosisCodes": null,
    "procedureCodes": null,
    "identity": null,
    "salesTaxRateID": null,
    "corporationDetailID": null,
    "billingEntityUserMapId": null,
    "reconciliationId": null,
    "reconciliationPaymentId": null,
    "jobDetailsID": null,
    "errorMsg": null,
    "billingEntityMapId": null,
    "levyId": null
  },
  "demographicsFromZipDTOs": [
    {
      "demographic": "AA"
    },
    {
      "demographic": "AE"
    },
    {
      "demographic": "AK"
    },
    {
      "demographic": "AL"
    },
    {
      "demographic": "AP"
    },
    {
      "demographic": "AR"
    },
    {
      "demographic": "AS"
    },
    {
      "demographic": "AZ"
    },
    {
      "demographic": "CA"
    },
    {
      "demographic": "CO"
    },
    {
      "demographic": "CT"
    },
    {
      "demographic": "DC"
    },
    {
      "demographic": "DE"
    },
    {
      "demographic": "FL"
    },
    {
      "demographic": "FM"
    },
    {
      "demographic": "GA"
    },
    {
      "demographic": "GU"
    },
    {
      "demographic": "HI"
    },
    {
      "demographic": "IA"
    },
    {
      "demographic": "ID"
    },
    {
      "demographic": "IL"
    },
    {
      "demographic": "IN"
    },
    {
      "demographic": "KS"
    },
    {
      "demographic": "KY"
    },
    {
      "demographic": "LA"
    },
    {
      "demographic": "MA"
    },
    {
      "demographic": "MD"
    },
    {
      "demographic": "ME"
    },
    {
      "demographic": "MH"
    },
    {
      "demographic": "MI"
    },
    {
      "demographic": "MN"
    },
    {
      "demographic": "MO"
    },
    {
      "demographic": "MP"
    },
    {
      "demographic": "MS"
    },
    {
      "demographic": "MT"
    },
    {
      "demographic": "NC"
    },
    {
      "demographic": "ND"
    },
    {
      "demographic": "NE"
    },
    {
      "demographic": "NH"
    },
    {
      "demographic": "NJ"
    },
    {
      "demographic": "NM"
    },
    {
      "demographic": "NV"
    },
    {
      "demographic": "NY"
    },
    {
      "demographic": "OH"
    },
    {
      "demographic": "OK"
    },
    {
      "demographic": "OR"
    },
    {
      "demographic": "PA"
    },
    {
      "demographic": "PR"
    },
    {
      "demographic": "PW"
    },
    {
      "demographic": "RI"
    },
    {
      "demographic": "SC"
    },
    {
      "demographic": "SD"
    },
    {
      "demographic": "TN"
    },
    {
      "demographic": "TX"
    },
    {
      "demographic": "UT"
    },
    {
      "demographic": "VA"
    },
    {
      "demographic": "VI"
    },
    {
      "demographic": "VT"
    },
    {
      "demographic": "WA"
    },
    {
      "demographic": "WI"
    },
    {
      "demographic": "WV"
    },
    {
      "demographic": "WY"
    }
  ],
  "containsOnlyHeaders": false,
  "outputMessages": null,
  "sqlExceptioMessages": null
}
