{
  "countMetadata": {
    "status": "0",
    "rowCount": "2",
    "totalCount": "2",
    "restrictedCount": null,
    "permissionedUserReports": null,
    "inactiveUserReports": null,
    "adjustmentVersion": null,
    "processingStatus": null,
    "hasOpenSessions": null,
    "sessionId": null,
    "apiSessionID": null,
    "userId": null,
    "databaseVersion": null,
    "updatePassword": null,
    "warningMessage": null,
    "totalRows": null,
    "listViewProfileSettingId": null,
    "parAmount": null,
    "stopLossAmount": null,
    "caseNumber": null,
    "caseID": null,
    "diagnosisCodes": null,
    "procedureCodes": null,
    "identity": null,
    "salesTaxRateID": null,
    "corporationDetailID": null,
    "billingEntityUserMapId": null,
    "reconciliationId": null,
    "reconciliationPaymentId": null,
    "jobDetailsID": null,
    "errorMsg": null,
    "billingEntityMapId": null,
    "levyId": null
  },
  "referenceCodes_V2DTOs": [
    {
      "referenceCodeID": 10159,
      "type": "WheelchairAccess",
      "subtype": "WheelchairAccess",
      "sortKey": 1,
      "code": "Y",
      "name": "Yes",
      "description": "This facility is wheelchair accessible",
      "fedNumber": null,
      "stateNumber": null,
      "appNumber": null,
      "class": "SYSTEM",
      "visible": null,
      "effectiveDate": "1900-01-01T00:00:00",
      "expirationDate": "9999-12-31T00:00:00",
      "lastUpdatedAt": "2019-04-26T14:31:31.157",
      "lastupdatedByID": 1,
      "fullName": "HSP, HSP",
      "lastupdatedBy": "HSP, HSP",
      "productName": null
    },
    {
      "referenceCodeID": 10160,
      "type": "WheelchairAccess",
      "subtype": "WheelchairAccess",
      "sortKey": 2,
      "code": "N",
      "name": "No",
      "description": "This facility is not wheelchair accessible",
      "fedNumber": null,
      "stateNumber": null,
      "appNumber": null,
      "class": "SYSTEM",
      "visible": null,
      "effectiveDate": "1900-01-01T00:00:00",
      "expirationDate": "9999-12-31T00:00:00",
      "lastUpdatedAt": "2019-04-26T14:31:31.157",
      "lastupdatedByID": 1,
      "fullName": "HSP, HSP",
      "lastupdatedBy": "HSP, HSP",
      "productName": null
    }
  ],
  "containsOnlyHeaders": false,
  "outputMessages": null,
  "sqlExceptioMessages": null
}
