{
  "status": {
    "status": 0
  },
  "benefitStructuresDTO": [
    {
      "structureID": "2145",
      "sourceId": null,
      "planId": null,
      "planName": null,
      "parentId": null,
      "type": "RBI",
      "processType": "COI",
      "liabilityCounterType": null,
      "liabilityCounterTypeName": null,
      "name": "Sample Provider Network",
      "description": "Sample Provider Network",
      "benefitCode": null,
      "rateUnitType": null,
      "rateUnitValue": 0,
      "bnfStructureNameWithRate": "Sample Provider Network - $0.00",
      "processTypeName": null,
      "sortKey": 0.1,
      "episodeDays": 0,
      "episodeMaxDollars": null,
      "lastUpdatedAt": "1/20/2010 10:36:02 AM",
      "lastUpdatedBy": "Einolf, Jill"
    },
    {
      "structureID": "4441",
      "sourceId": null,
      "planId": null,
      "planName": null,
      "parentId": null,
      "type": "RBI",
      "processType": null,
      "liabilityCounterType": null,
      "liabilityCounterTypeName": null,
      "name": "Acme External Repricing",
      "description": "Acme External Repricing",
      "benefitCode": null,
      "rateUnitType": null,
      "rateUnitValue": 0,
      "bnfStructureNameWithRate": "Acme External Repricing - $0.00",
      "processTypeName": null,
      "sortKey": 1,
      "episodeDays": 0,
      "episodeMaxDollars": null,
      "lastUpdatedAt": "11/21/2012 10:16:50 AM",
      "lastUpdatedBy": "Einolf, Jill"
    },
    {
      "structureID": "5348",
      "sourceId": null,
      "planId": null,
      "planName": null,
      "parentId": null,
      "type": "RBI",
      "processType": null,
      "liabilityCounterType": null,
      "liabilityCounterTypeName": null,
      "name": "External Adjudication Pricing",
      "description": "External Adjudication Pricing",
      "benefitCode": null,
      "rateUnitType": null,
      "rateUnitValue": 0,
      "bnfStructureNameWithRate": "External Adjudication Pricing - $0.00",
      "processTypeName": null,
      "sortKey": 1,
      "episodeDays": 0,
      "episodeMaxDollars": null,
      "lastUpdatedAt": "3/31/2015 12:06:27 PM",
      "lastUpdatedBy": "Landau, Kerry"
    },
    {
      "structureID": "4440",
      "sourceId": null,
      "planId": null,
      "planName": null,
      "parentId": null,
      "type": "RBI",
      "processType": null,
      "liabilityCounterType": null,
      "liabilityCounterTypeName": null,
      "name": "External Pricing",
      "description": "External Pricing (optum)",
      "benefitCode": null,
      "rateUnitType": null,
      "rateUnitValue": 0,
      "bnfStructureNameWithRate": "External Pricing - $0.00",
      "processTypeName": null,
      "sortKey": 1,
      "episodeDays": 0,
      "episodeMaxDollars": null,
      "lastUpdatedAt": "10/26/2012 4:29:51 PM",
      "lastUpdatedBy": "Landau, Kerry"
    },
    {
      "structureID": "2273",
      "sourceId": null,
      "planId": null,
      "planName": null,
      "parentId": null,
      "type": "RBI",
      "processType": "COI",
      "liabilityCounterType": null,
      "liabilityCounterTypeName": null,
      "name": "External Repricing",
      "description": "External Repricing",
      "benefitCode": null,
      "rateUnitType": null,
      "rateUnitValue": 0,
      "bnfStructureNameWithRate": "External Repricing - $0.00",
      "processTypeName": null,
      "sortKey": 1,
      "episodeDays": 0,
      "episodeMaxDollars": null,
      "lastUpdatedAt": "2/16/2010 3:28:59 PM",
      "lastUpdatedBy": "Landau, Kerry"
    },
    {
      "structureID": "56",
      "sourceId": null,
      "planId": null,
      "planName": null,
      "parentId": null,
      "type": "RBI",
      "processType": "COI",
      "liabilityCounterType": null,
      "liabilityCounterTypeName": null,
      "name": "HSP Sample Reimbursement",
      "description": "HSP Sample Reimbursement",
      "benefitCode": null,
      "rateUnitType": null,
      "rateUnitValue": 0,
      "bnfStructureNameWithRate": "HSP Sample Reimbursement - $0.00",
      "processTypeName": null,
      "sortKey": 1,
      "episodeDays": 0,
      "episodeMaxDollars": null,
      "lastUpdatedAt": "2/19/2008 12:00:50 AM",
      "lastUpdatedBy": "HSP, HSP"
    },
    {
      "structureID": "6588",
      "sourceId": null,
      "planId": null,
      "planName": null,
      "parentId": null,
      "type": "RBI",
      "processType": null,
      "liabilityCounterType": null,
      "liabilityCounterTypeName": null,
      "name": "In Network - Capitation",
      "description": "In Network - Capitation",
      "benefitCode": null,
      "rateUnitType": null,
      "rateUnitValue": 0,
      "bnfStructureNameWithRate": "In Network - Capitation - $0.00",
      "processTypeName": null,
      "sortKey": 1,
      "episodeDays": 0,
      "episodeMaxDollars": null,
      "lastUpdatedAt": "7/10/2017 1:39:23 PM",
      "lastUpdatedBy": "Fonte, Angela"
    },
    {
      "structureID": "6397",
      "sourceId": null,
      "planId": null,
      "planName": null,
      "parentId": null,
      "type": "RBI",
      "processType": null,
      "liabilityCounterType": null,
      "liabilityCounterTypeName": null,
      "name": "LICS1",
      "description": "LICS1",
      "benefitCode": null,
      "rateUnitType": null,
      "rateUnitValue": 0,
      "bnfStructureNameWithRate": "LICS1 - $0.00",
      "processTypeName": null,
      "sortKey": 1,
      "episodeDays": 0,
      "episodeMaxDollars": null,
      "lastUpdatedAt": "10/21/2016 2:34:41 PM",
      "lastUpdatedBy": "Cowan,Jacqueline"
    },
    {
      "structureID": "6398",
      "sourceId": null,
      "planId": null,
      "planName": null,
      "parentId": null,
      "type": "RBI",
      "processType": null,
      "liabilityCounterType": null,
      "liabilityCounterTypeName": null,
      "name": "LICS2",
      "description": "LICS2",
      "benefitCode": null,
      "rateUnitType": null,
      "rateUnitValue": 0,
      "bnfStructureNameWithRate": "LICS2 - $0.00",
      "processTypeName": null,
      "sortKey": 1,
      "episodeDays": 0,
      "episodeMaxDollars": null,
      "lastUpdatedAt": "10/21/2016 2:34:49 PM",
      "lastUpdatedBy": "Cowan,Jacqueline"
    },
    {
      "structureID": "6399",
      "sourceId": null,
      "planId": null,
      "planName": null,
      "parentId": null,
      "type": "RBI",
      "processType": null,
      "liabilityCounterType": null,
      "liabilityCounterTypeName": null,
      "name": "LICS3",
      "description": "LICS3",
      "benefitCode": null,
      "rateUnitType": null,
      "rateUnitValue": 0,
      "bnfStructureNameWithRate": "LICS3 - $0.00",
      "processTypeName": null,
      "sortKey": 1,
      "episodeDays": 0,
      "episodeMaxDollars": null,
      "lastUpdatedAt": "10/21/2016 2:34:57 PM",
      "lastUpdatedBy": "Cowan,Jacqueline"
    },
    {
      "structureID": "6400",
      "sourceId": null,
      "planId": null,
      "planName": null,
      "parentId": null,
      "type": "RBI",
      "processType": null,
      "liabilityCounterType": null,
      "liabilityCounterTypeName": null,
      "name": "LICS4",
      "description": "LICS4",
      "benefitCode": null,
      "rateUnitType": null,
      "rateUnitValue": 0,
      "bnfStructureNameWithRate": "LICS4 - $0.00",
      "processTypeName": null,
      "sortKey": 1,
      "episodeDays": 0,
      "episodeMaxDollars": null,
      "lastUpdatedAt": "10/21/2016 2:35:07 PM",
      "lastUpdatedBy": "Cowan,Jacqueline"
    },
    {
      "structureID": "6401",
      "sourceId": null,
      "planId": null,
      "planName": null,
      "parentId": null,
      "type": "RBI",
      "processType": null,
      "liabilityCounterType": null,
      "liabilityCounterTypeName": null,
      "name": "LICS5",
      "description": "LICS5",
      "benefitCode": null,
      "rateUnitType": null,
      "rateUnitValue": 0,
      "bnfStructureNameWithRate": "LICS5 - $0.00",
      "processTypeName": null,
      "sortKey": 1,
      "episodeDays": 0,
      "episodeMaxDollars": null,
      "lastUpdatedAt": "10/21/2016 2:35:16 PM",
      "lastUpdatedBy": "Cowan,Jacqueline"
    },
    {
      "structureID": "354",
      "sourceId": null,
      "planId": null,
      "planName": null,
      "parentId": null,
      "type": "RBI",
      "processType": "COI",
      "liabilityCounterType": null,
      "liabilityCounterTypeName": null,
      "name": "Preferred Wrap Network",
      "description": "Preferred Wrap Network",
      "benefitCode": null,
      "rateUnitType": null,
      "rateUnitValue": 0,
      "bnfStructureNameWithRate": "Preferred Wrap Network - $0.00",
      "processTypeName": null,
      "sortKey": 1,
      "episodeDays": 0,
      "episodeMaxDollars": null,
      "lastUpdatedAt": "2/22/2008 12:06:12 PM",
      "lastUpdatedBy": "Admin, Admin"
    },
    {
      "structureID": "7447",
      "sourceId": null,
      "planId": null,
      "planName": null,
      "parentId": null,
      "type": "RBI",
      "processType": null,
      "liabilityCounterType": null,
      "liabilityCounterTypeName": null,
      "name": "Tier 1",
      "description": "Tier 1",
      "benefitCode": null,
      "rateUnitType": null,
      "rateUnitValue": 0,
      "bnfStructureNameWithRate": "Tier 1 - $0.00",
      "processTypeName": null,
      "sortKey": 1,
      "episodeDays": 0,
      "episodeMaxDollars": null,
      "lastUpdatedAt": "11/14/2019 1:28:22 PM",
      "lastUpdatedBy": "Sganga, Dominick"
    },
    {
      "structureID": "352",
      "sourceId": null,
      "planId": null,
      "planName": null,
      "parentId": null,
      "type": "RBI",
      "processType": "COI",
      "liabilityCounterType": null,
      "liabilityCounterTypeName": null,
      "name": "In Network",
      "description": "In Network",
      "benefitCode": null,
      "rateUnitType": null,
      "rateUnitValue": 0,
      "bnfStructureNameWithRate": "In Network - $0.00",
      "processTypeName": null,
      "sortKey": 2,
      "episodeDays": 0,
      "episodeMaxDollars": null,
      "lastUpdatedAt": "2/26/2009 12:33:22 PM",
      "lastUpdatedBy": "Wade, Maxine"
    },
    {
      "structureID": "7448",
      "sourceId": null,
      "planId": null,
      "planName": null,
      "parentId": null,
      "type": "RBI",
      "processType": null,
      "liabilityCounterType": null,
      "liabilityCounterTypeName": null,
      "name": "Tier 2",
      "description": "Tier 2",
      "benefitCode": null,
      "rateUnitType": null,
      "rateUnitValue": 0,
      "bnfStructureNameWithRate": "Tier 2 - $0.00",
      "processTypeName": null,
      "sortKey": 2,
      "episodeDays": 0,
      "episodeMaxDollars": null,
      "lastUpdatedAt": "11/14/2019 1:28:32 PM",
      "lastUpdatedBy": "Sganga, Dominick"
    },
    {
      "structureID": "353",
      "sourceId": null,
      "planId": null,
      "planName": null,
      "parentId": null,
      "type": "RBI",
      "processType": "COI",
      "liabilityCounterType": null,
      "liabilityCounterTypeName": null,
      "name": "Out of Network",
      "description": "Out of Network",
      "benefitCode": null,
      "rateUnitType": null,
      "rateUnitValue": 0,
      "bnfStructureNameWithRate": "Out of Network - $0.00",
      "processTypeName": null,
      "sortKey": 3,
      "episodeDays": 0,
      "episodeMaxDollars": null,
      "lastUpdatedAt": "2/26/2009 12:33:32 PM",
      "lastUpdatedBy": "Wade, Maxine"
    },
    {
      "structureID": "7449",
      "sourceId": null,
      "planId": null,
      "planName": null,
      "parentId": null,
      "type": "RBI",
      "processType": null,
      "liabilityCounterType": null,
      "liabilityCounterTypeName": null,
      "name": "Tier 3",
      "description": "Tier 3",
      "benefitCode": null,
      "rateUnitType": null,
      "rateUnitValue": 0,
      "bnfStructureNameWithRate": "Tier 3 - $0.00",
      "processTypeName": null,
      "sortKey": 3,
      "episodeDays": 0,
      "episodeMaxDollars": null,
      "lastUpdatedAt": "11/14/2019 1:28:38 PM",
      "lastUpdatedBy": "Sganga, Dominick"
    },
    {
      "structureID": "594",
      "sourceId": null,
      "planId": null,
      "planName": null,
      "parentId": null,
      "type": "RBI",
      "processType": "COI",
      "liabilityCounterType": null,
      "liabilityCounterTypeName": null,
      "name": "MEDICAID",
      "description": "MEDICAID",
      "benefitCode": null,
      "rateUnitType": null,
      "rateUnitValue": 0,
      "bnfStructureNameWithRate": "MEDICAID - $0.00",
      "processTypeName": null,
      "sortKey": 5,
      "episodeDays": 0,
      "episodeMaxDollars": null,
      "lastUpdatedAt": "5/28/2008 5:47:41 PM",
      "lastUpdatedBy": "HSP, HSP"
    },
    {
      "structureID": "1093",
      "sourceId": null,
      "planId": null,
      "planName": null,
      "parentId": null,
      "type": "RBI",
      "processType": "COI",
      "liabilityCounterType": null,
      "liabilityCounterTypeName": null,
      "name": "HSP Sample Claim In Network",
      "description": "HSP Sample Claim In Network",
      "benefitCode": null,
      "rateUnitType": null,
      "rateUnitValue": 0,
      "bnfStructureNameWithRate": "HSP Sample Claim In Network - $0.00",
      "processTypeName": null,
      "sortKey": 8,
      "episodeDays": 0,
      "episodeMaxDollars": null,
      "lastUpdatedAt": "4/7/2009 12:48:38 PM",
      "lastUpdatedBy": "Stanco,Maria"
    },
    {
      "structureID": "785",
      "sourceId": null,
      "planId": null,
      "planName": null,
      "parentId": null,
      "type": "RBI",
      "processType": "COI",
      "liabilityCounterType": null,
      "liabilityCounterTypeName": null,
      "name": "Designated Facilities",
      "description": "Designated Facilities",
      "benefitCode": null,
      "rateUnitType": null,
      "rateUnitValue": 0,
      "bnfStructureNameWithRate": "Designated Facilities - $0.00",
      "processTypeName": null,
      "sortKey": 9,
      "episodeDays": 0,
      "episodeMaxDollars": null,
      "lastUpdatedAt": "4/7/2009 12:48:28 PM",
      "lastUpdatedBy": "Stanco,Maria"
    },
    {
      "structureID": "1094",
      "sourceId": null,
      "planId": null,
      "planName": null,
      "parentId": null,
      "type": "RBI",
      "processType": "COI",
      "liabilityCounterType": null,
      "liabilityCounterTypeName": null,
      "name": "HSP Sample Claim Out of Network",
      "description": "HSP Sample Claim Out of Network",
      "benefitCode": null,
      "rateUnitType": null,
      "rateUnitValue": 0,
      "bnfStructureNameWithRate": "HSP Sample Claim Out of Network - $0.00",
      "processTypeName": null,
      "sortKey": 9,
      "episodeDays": 0,
      "episodeMaxDollars": null,
      "lastUpdatedAt": "4/7/2009 12:48:58 PM",
      "lastUpdatedBy": "Stanco,Maria"
    },
    {
      "structureID": "2319",
      "sourceId": null,
      "planId": null,
      "planName": null,
      "parentId": null,
      "type": "RBI",
      "processType": "AMS",
      "liabilityCounterType": null,
      "liabilityCounterTypeName": null,
      "name": "HSP NY Nassau In Network",
      "description": "HSP NY Nassau In Network",
      "benefitCode": null,
      "rateUnitType": null,
      "rateUnitValue": 0,
      "bnfStructureNameWithRate": "HSP NY Nassau In Network - $0.00",
      "processTypeName": null,
      "sortKey": 90,
      "episodeDays": 0,
      "episodeMaxDollars": null,
      "lastUpdatedAt": "8/23/2010 4:16:13 PM",
      "lastUpdatedBy": "Stanco,Maria"
    },
    {
      "structureID": "2320",
      "sourceId": null,
      "planId": null,
      "planName": null,
      "parentId": null,
      "type": "RBI",
      "processType": "AMS",
      "liabilityCounterType": null,
      "liabilityCounterTypeName": null,
      "name": "HSP NY Nassau Out of Network",
      "description": "HSP NY Nassau Out of Network",
      "benefitCode": null,
      "rateUnitType": null,
      "rateUnitValue": 0,
      "bnfStructureNameWithRate": "HSP NY Nassau Out of Network - $0.00",
      "processTypeName": null,
      "sortKey": 91,
      "episodeDays": 0,
      "episodeMaxDollars": null,
      "lastUpdatedAt": "8/23/2010 4:16:20 PM",
      "lastUpdatedBy": "Stanco,Maria"
    },
    {
      "structureID": "2432",
      "sourceId": null,
      "planId": null,
      "planName": null,
      "parentId": null,
      "type": "RBI",
      "processType": "AMS",
      "liabilityCounterType": null,
      "liabilityCounterTypeName": null,
      "name": "HSP NY Suffolk In Network",
      "description": "HSP NY Suffolk In Network",
      "benefitCode": null,
      "rateUnitType": null,
      "rateUnitValue": 0,
      "bnfStructureNameWithRate": "HSP NY Suffolk In Network - $0.00",
      "processTypeName": null,
      "sortKey": 92,
      "episodeDays": 0,
      "episodeMaxDollars": null,
      "lastUpdatedAt": "8/23/2010 4:16:35 PM",
      "lastUpdatedBy": "Stanco,Maria"
    },
    {
      "structureID": "2431",
      "sourceId": null,
      "planId": null,
      "planName": null,
      "parentId": null,
      "type": "RBI",
      "processType": "AMS",
      "liabilityCounterType": null,
      "liabilityCounterTypeName": null,
      "name": "HSP NY Suffolk Out of Network",
      "description": "HSP NY Suffolk Out of Network",
      "benefitCode": null,
      "rateUnitType": null,
      "rateUnitValue": 0,
      "bnfStructureNameWithRate": "HSP NY Suffolk Out of Network - $0.00",
      "processTypeName": null,
      "sortKey": 93,
      "episodeDays": 0,
      "episodeMaxDollars": null,
      "lastUpdatedAt": "8/23/2010 4:16:42 PM",
      "lastUpdatedBy": "Stanco,Maria"
    },
    {
      "structureID": "2433",
      "sourceId": null,
      "planId": null,
      "planName": null,
      "parentId": null,
      "type": "RBI",
      "processType": "AMS",
      "liabilityCounterType": null,
      "liabilityCounterTypeName": null,
      "name": "HSP NY Westchester In Network",
      "description": "HSP NY Westchester In Network",
      "benefitCode": null,
      "rateUnitType": null,
      "rateUnitValue": 0,
      "bnfStructureNameWithRate": "HSP NY Westchester In Network - $0.00",
      "processTypeName": null,
      "sortKey": 94,
      "episodeDays": 0,
      "episodeMaxDollars": null,
      "lastUpdatedAt": "8/23/2010 4:16:53 PM",
      "lastUpdatedBy": "Stanco,Maria"
    },
    {
      "structureID": "2434",
      "sourceId": null,
      "planId": null,
      "planName": null,
      "parentId": null,
      "type": "RBI",
      "processType": "AMS",
      "liabilityCounterType": null,
      "liabilityCounterTypeName": null,
      "name": "HSP NY Westchester Out of Network",
      "description": "HSP NY Westchester Out of Network",
      "benefitCode": null,
      "rateUnitType": null,
      "rateUnitValue": 0,
      "bnfStructureNameWithRate": "HSP NY Westchester Out of Network - $0.00",
      "processTypeName": null,
      "sortKey": 95,
      "episodeDays": 0,
      "episodeMaxDollars": null,
      "lastUpdatedAt": "8/23/2010 4:17:00 PM",
      "lastUpdatedBy": "Stanco,Maria"
    },
    {
      "structureID": "5711",
      "sourceId": null,
      "planId": null,
      "planName": null,
      "parentId": null,
      "type": "RBI",
      "processType": null,
      "liabilityCounterType": null,
      "liabilityCounterTypeName": null,
      "name": "ASG Service",
      "description": "ASG Service",
      "benefitCode": null,
      "rateUnitType": null,
      "rateUnitValue": 0,
      "bnfStructureNameWithRate": "ASG Service - $0.00",
      "processTypeName": null,
      "sortKey": 999,
      "episodeDays": 0,
      "episodeMaxDollars": null,
      "lastUpdatedAt": "5/11/2016 12:36:35 PM",
      "lastUpdatedBy": "Dono, Elizabeth"
    },
    {
      "structureID": "5712",
      "sourceId": null,
      "planId": null,
      "planName": null,
      "parentId": null,
      "type": "RBI",
      "processType": null,
      "liabilityCounterType": null,
      "liabilityCounterTypeName": null,
      "name": "Per Service Line",
      "description": "Per Service Line",
      "benefitCode": null,
      "rateUnitType": null,
      "rateUnitValue": 0,
      "bnfStructureNameWithRate": "Per Service Line - $0.00",
      "processTypeName": null,
      "sortKey": 9999,
      "episodeDays": 0,
      "episodeMaxDollars": null,
      "lastUpdatedAt": "5/11/2016 12:36:55 PM",
      "lastUpdatedBy": "Dono, Elizabeth"
    },
    {
      "structureID": "1407",
      "sourceId": null,
      "planId": null,
      "planName": null,
      "parentId": null,
      "type": "RBI",
      "processType": "COI",
      "liabilityCounterType": null,
      "liabilityCounterTypeName": null,
      "name": "Liability Test",
      "description": "Liability Test",
      "benefitCode": null,
      "rateUnitType": null,
      "rateUnitValue": 0,
      "bnfStructureNameWithRate": "Liability Test - $0.00",
      "processTypeName": null,
      "sortKey": 1000000,
      "episodeDays": 0,
      "episodeMaxDollars": null,
      "lastUpdatedAt": "7/28/2009 1:47:52 PM",
      "lastUpdatedBy": "Cowan,Jacqueline"
    }
  ],
  "containsOnlyHeaders": false,
  "outputMessages": null,
  "sqlExceptioMessages": null
}