{
  "countMetadata": {
    "status": "0",
    "rowCount": "7",
    "totalCount": "7",
    "restrictedCount": null,
    "permissionedUserReports": null,
    "inactiveUserReports": null,
    "adjustmentVersion": null,
    "processingStatus": null,
    "hasOpenSessions": null,
    "sessionId": null,
    "apiSessionID": null,
    "userId": null,
    "databaseVersion": null,
    "updatePassword": null,
    "warningMessage": null,
    "totalRows": null,
    "listViewProfileSettingId": null,
    "parAmount": null,
    "stopLossAmount": null,
    "caseNumber": null,
    "caseID": null,
    "diagnosisCodes": null,
    "procedureCodes": null,
    "identity": null,
    "salesTaxRateID": null,
    "corporationDetailID": null,
    "billingEntityUserMapId": null,
    "reconciliationId": null,
    "reconciliationPaymentId": null,
    "jobDetailsID": null,
    "errorMsg": null,
    "billingEntityMapId": null,
    "levyId": null
  },
  "referenceCodes_V2DTOs": [
    {
      "referenceCodeID": 1914,
      "type": "RESULTCOUNT",
      "subtype": "RESULTCOUNT",
      "sortKey": 1,
      "code": "10",
      "name": "10",
      "description": "Return 10 rows",
      "fedNumber": null,
      "stateNumber": null,
      "appNumber": null,
      "class": "SYSTEM",
      "visible": null,
      "effectiveDate": "1900-01-01T00:00:00",
      "expirationDate": "9999-12-31T00:00:00",
      "lastUpdatedAt": "2008-01-15T10:29:29.2",
      "lastupdatedByID": 1,
      "fullName": "HSP, HSP",
      "lastupdatedBy": "HSP, HSP",
      "productName": null
    },
    {
      "referenceCodeID": 1915,
      "type": "RESULTCOUNT",
      "subtype": "RESULTCOUNT",
      "sortKey": 2,
      "code": "20",
      "name": "20",
      "description": "Return 20 rows",
      "fedNumber": null,
      "stateNumber": null,
      "appNumber": null,
      "class": "SYSTEM",
      "visible": null,
      "effectiveDate": "1900-01-01T00:00:00",
      "expirationDate": "9999-12-31T00:00:00",
      "lastUpdatedAt": "2008-01-15T10:29:29.2",
      "lastupdatedByID": 1,
      "fullName": "HSP, HSP",
      "lastupdatedBy": "HSP, HSP",
      "productName": null
    },
    {
      "referenceCodeID": 1916,
      "type": "RESULTCOUNT",
      "subtype": "RESULTCOUNT",
      "sortKey": 3,
      "code": "50",
      "name": "50",
      "description": "Return 50 rows",
      "fedNumber": null,
      "stateNumber": null,
      "appNumber": null,
      "class": "SYSTEM",
      "visible": null,
      "effectiveDate": "1900-01-01T00:00:00",
      "expirationDate": "9999-12-31T00:00:00",
      "lastUpdatedAt": "2008-01-15T10:29:29.2",
      "lastupdatedByID": 1,
      "fullName": "HSP, HSP",
      "lastupdatedBy": "HSP, HSP",
      "productName": null
    },
    {
      "referenceCodeID": 1917,
      "type": "RESULTCOUNT",
      "subtype": "RESULTCOUNT",
      "sortKey": 4,
      "code": "100",
      "name": "100",
      "description": "Return 100 rows",
      "fedNumber": null,
      "stateNumber": null,
      "appNumber": null,
      "class": "SYSTEM",
      "visible": null,
      "effectiveDate": "1900-01-01T00:00:00",
      "expirationDate": "9999-12-31T00:00:00",
      "lastUpdatedAt": "2008-01-15T10:29:29.2",
      "lastupdatedByID": 1,
      "fullName": "HSP, HSP",
      "lastupdatedBy": "HSP, HSP",
      "productName": null
    },
    {
      "referenceCodeID": 1918,
      "type": "RESULTCOUNT",
      "subtype": "RESULTCOUNT",
      "sortKey": 5,
      "code": "200",
      "name": "200",
      "description": "Return 200 rows",
      "fedNumber": null,
      "stateNumber": null,
      "appNumber": null,
      "class": "SYSTEM",
      "visible": null,
      "effectiveDate": "1900-01-01T00:00:00",
      "expirationDate": "9999-12-31T00:00:00",
      "lastUpdatedAt": "2008-01-15T10:29:29.2",
      "lastupdatedByID": 1,
      "fullName": "HSP, HSP",
      "lastupdatedBy": "HSP, HSP",
      "productName": null
    },
    {
      "referenceCodeID": 1919,
      "type": "RESULTCOUNT",
      "subtype": "RESULTCOUNT",
      "sortKey": 6,
      "code": "500",
      "name": "500",
      "description": "Return 500 rows",
      "fedNumber": null,
      "stateNumber": null,
      "appNumber": null,
      "class": "SYSTEM",
      "visible": null,
      "effectiveDate": "1900-01-01T00:00:00",
      "expirationDate": "9999-12-31T00:00:00",
      "lastUpdatedAt": "2008-01-15T10:29:29.2",
      "lastupdatedByID": 1,
      "fullName": "HSP, HSP",
      "lastupdatedBy": "HSP, HSP",
      "productName": null
    },
    {
      "referenceCodeID": 9833,
      "type": "RESULTCOUNT",
      "subtype": "RESULTCOUNT",
      "sortKey": 7,
      "code": "1K",
      "name": "1000",
      "description": "Return 1000 rows",
      "fedNumber": null,
      "stateNumber": null,
      "appNumber": null,
      "class": "SYSTEM",
      "visible": null,
      "effectiveDate": "1900-01-01T00:00:00",
      "expirationDate": "9999-12-31T00:00:00",
      "lastUpdatedAt": "2017-05-16T17:29:37.76",
      "lastupdatedByID": 1,
      "fullName": "HSP, HSP",
      "lastupdatedBy": "HSP, HSP",
      "productName": null
    }
  ],
  "outputMessages": null,
  "sqlExceptioMessages": null
}