{
  "metaData": {
    "status": 0
  },
  "findControls": [
    {
      "findControlId": 673,
      "findCommand": "Office",
      "name": "OfficeNumber",
      "label": "Office Number",
      "controlType": "ToolkitTextbox",
      "interface": "ee_GetOffices_V2",
      "visible": "Y",
      "required": "Y",
      "defaultValue": null,
      "dataType": "SYSTEM.STRING",
      "minLength": 0,
      "maxLength": 30,
      "comboBoxSql": null,
      "displayFieldName": null,
      "displayIDName": null,
      "linkTo": null,
      "linkFrom": null,
      "findDisplayName": null,
      "findResultIDName": null,
      "findResultDisplayName": null,
      "findAllowEdit": null,
      "findType": null,
      "tooltip": "Office Number",
      "sortKey": 0,
      "referenceCodeType": null,
      "referenceCodeSubType": null,
      "referenceCodeClass": null
    },
    {
      "findControlId": 674,
      "findCommand": "Office",
      "name": "OfficeName",
      "label": "Office Name",
      "controlType": "ToolkitTextbox",
      "interface": "ee_GetOffices_V2",
      "visible": "Y",
      "required": "N",
      "defaultValue": null,
      "dataType": "SYSTEM.STRING",
      "minLength": 0,
      "maxLength": 60,
      "comboBoxSql": null,
      "displayFieldName": null,
      "displayIDName": null,
      "linkTo": null,
      "linkFrom": null,
      "findDisplayName": null,
      "findResultIDName": null,
      "findResultDisplayName": null,
      "findAllowEdit": null,
      "findType": null,
      "tooltip": "Office Name",
      "sortKey": 1,
      "referenceCodeType": null,
      "referenceCodeSubType": null,
      "referenceCodeClass": null
    },
    {
      "findControlId": 675,
      "findCommand": "Office",
      "name": "Address1",
      "label": "Address 1",
      "controlType": "ToolkitTextbox",
      "interface": "ee_GetOffices_V2",
      "visible": "Y",
      "required": "N",
      "defaultValue": null,
      "dataType": "SYSTEM.STRING",
      "minLength": 0,
      "maxLength": 55,
      "comboBoxSql": null,
      "displayFieldName": null,
      "displayIDName": null,
      "linkTo": null,
      "linkFrom": null,
      "findDisplayName": null,
      "findResultIDName": null,
      "findResultDisplayName": null,
      "findAllowEdit": null,
      "findType": null,
      "tooltip": "Address 1",
      "sortKey": 2,
      "referenceCodeType": null,
      "referenceCodeSubType": null,
      "referenceCodeClass": null
    },
    {
      "findControlId": 676,
      "findCommand": "Office",
      "name": "City",
      "label": "City",
      "controlType": "ToolkitTextbox",
      "interface": "ee_GetOffices_V2",
      "visible": "Y",
      "required": "N",
      "defaultValue": null,
      "dataType": "SYSTEM.STRING",
      "minLength": 0,
      "maxLength": 30,
      "comboBoxSql": null,
      "displayFieldName": null,
      "displayIDName": null,
      "linkTo": null,
      "linkFrom": null,
      "findDisplayName": null,
      "findResultIDName": null,
      "findResultDisplayName": null,
      "findAllowEdit": null,
      "findType": null,
      "tooltip": "City",
      "sortKey": 3,
      "referenceCodeType": null,
      "referenceCodeSubType": null,
      "referenceCodeClass": null
    },
    {
      "findControlId": 677,
      "findCommand": "Office",
      "name": "Region",
      "label": "Region",
      "controlType": "ToolkitCombobox",
      "interface": "ee_GetOffices_V2",
      "visible": "Y",
      "required": "N",
      "defaultValue": null,
      "dataType": "SYSTEM.STRING",
      "minLength": 0,
      "maxLength": 60,
      "comboBoxSql": "exec ee_GetReferenceCodes_V2 @SessionID={0}, @AllowCheckout='N', @Type='REGION', @Usage='|USAGE2|'",
      "displayFieldName": "Name",
      "displayIDName": "Code",
      "linkTo": null,
      "linkFrom": null,
      "findDisplayName": null,
      "findResultIDName": null,
      "findResultDisplayName": null,
      "findAllowEdit": null,
      "findType": null,
      "tooltip": "Region",
      "sortKey": 4,
      "referenceCodeType": null,
      "referenceCodeSubType": null,
      "referenceCodeClass": null
    },
    {
      "findControlId": 678,
      "findCommand": "Office",
      "name": "Zip",
      "label": "Zip Code",
      "controlType": "ToolkitTextbox",
      "interface": "ee_GetOffices_V2",
      "visible": "Y",
      "required": "N",
      "defaultValue": null,
      "dataType": "SYSTEM.STRING",
      "minLength": 0,
      "maxLength": 15,
      "comboBoxSql": null,
      "displayFieldName": null,
      "displayIDName": null,
      "linkTo": null,
      "linkFrom": null,
      "findDisplayName": null,
      "findResultIDName": null,
      "findResultDisplayName": null,
      "findAllowEdit": null,
      "findType": null,
      "tooltip": "Zip Code",
      "sortKey": 5,
      "referenceCodeType": null,
      "referenceCodeSubType": null,
      "referenceCodeClass": null
    },
    {
      "findControlId": 679,
      "findCommand": "Office",
      "name": "Distance",
      "label": "Distance",
      "controlType": "ToolkitTextbox",
      "interface": "ee_GetOffices_V2",
      "visible": "Y",
      "required": "N",
      "defaultValue": null,
      "dataType": "SYSTEM.SINGLE",
      "minLength": 0,
      "maxLength": 0,
      "comboBoxSql": null,
      "displayFieldName": null,
      "displayIDName": null,
      "linkTo": null,
      "linkFrom": null,
      "findDisplayName": null,
      "findResultIDName": null,
      "findResultDisplayName": null,
      "findAllowEdit": null,
      "findType": null,
      "tooltip": "Distance",
      "sortKey": 6,
      "referenceCodeType": null,
      "referenceCodeSubType": null,
      "referenceCodeClass": null
    },
    {
      "findControlId": 680,
      "findCommand": "Office",
      "name": "State",
      "label": "State",
      "controlType": "ToolkitCombobox",
      "interface": "ee_GetOffices_V2",
      "visible": "Y",
      "required": "N",
      "defaultValue": null,
      "dataType": "SYSTEM.STRING",
      "minLength": 0,
      "maxLength": 2,
      "comboBoxSql": "exec ee_GetDemographicsFromZips @SessionID={0}, @Usage='|STATE|'",
      "displayFieldName": "Demographic",
      "displayIDName": "Demographic",
      "linkTo": "County",
      "linkFrom": null,
      "findDisplayName": null,
      "findResultIDName": null,
      "findResultDisplayName": null,
      "findAllowEdit": null,
      "findType": null,
      "tooltip": "State",
      "sortKey": 7,
      "referenceCodeType": null,
      "referenceCodeSubType": null,
      "referenceCodeClass": null
    },
    {
      "findControlId": 681,
      "findCommand": "Office",
      "name": "County",
      "label": "County",
      "controlType": "ToolkitCombobox",
      "interface": "ee_GetOffices_V2",
      "visible": "Y",
      "required": "N",
      "defaultValue": null,
      "dataType": "SYSTEM.STRING",
      "minLength": 0,
      "maxLength": 30,
      "comboBoxSql": "exec ee_GetDemographicsFromZips @SessionID={0}, @Usage='|COUNTY|', @State=#LINK#",
      "displayFieldName": "Demographic",
      "displayIDName": "Demographic",
      "linkTo": null,
      "linkFrom": "State",
      "findDisplayName": null,
      "findResultIDName": null,
      "findResultDisplayName": null,
      "findAllowEdit": null,
      "findType": null,
      "tooltip": "County",
      "sortKey": 8,
      "referenceCodeType": null,
      "referenceCodeSubType": null,
      "referenceCodeClass": null
    },
    {
      "findControlId": 682,
      "findCommand": "Office",
      "name": "Language",
      "label": "Language",
      "controlType": "ToolkitMultiColumnCombobox",
      "interface": "ee_GetOffices_V2",
      "visible": "Y",
      "required": "N",
      "defaultValue": "ENG",
      "dataType": "SYSTEM.STRING",
      "minLength": 0,
      "maxLength": 3,
      "comboBoxSql": "exec ee_GetReferenceCodes_V2 @SessionID={0}, @AllowCheckout='N', @Type='LANGUAGE', @Usage='|USAGE2|'",
      "displayFieldName": "Name",
      "displayIDName": "Code",
      "linkTo": null,
      "linkFrom": null,
      "findDisplayName": null,
      "findResultIDName": null,
      "findResultDisplayName": null,
      "findAllowEdit": null,
      "findType": null,
      "tooltip": "Language",
      "sortKey": 9,
      "referenceCodeType": null,
      "referenceCodeSubType": null,
      "referenceCodeClass": null
    },
    {
      "findControlId": 683,
      "findCommand": "Office",
      "name": "ContactPhone",
      "label": "Contact Phone",
      "controlType": "ToolkitTextbox",
      "interface": "ee_GetOffices_V2",
      "visible": "Y",
      "required": "N",
      "defaultValue": null,
      "dataType": "SYSTEM.STRING",
      "minLength": 0,
      "maxLength": 80,
      "comboBoxSql": null,
      "displayFieldName": null,
      "displayIDName": null,
      "linkTo": null,
      "linkFrom": null,
      "findDisplayName": null,
      "findResultIDName": null,
      "findResultDisplayName": null,
      "findAllowEdit": null,
      "findType": null,
      "tooltip": "Contact Phone",
      "sortKey": 10,
      "referenceCodeType": null,
      "referenceCodeSubType": null,
      "referenceCodeClass": null
    },
    {
      "findControlId": 684,
      "findCommand": "Office",
      "name": "NPI",
      "label": "NPI",
      "controlType": "ToolkitTextbox",
      "interface": "ee_GetOffices_V2",
      "visible": "Y",
      "required": "N",
      "defaultValue": null,
      "dataType": "SYSTEM.STRING",
      "minLength": 0,
      "maxLength": 30,
      "comboBoxSql": null,
      "displayFieldName": null,
      "displayIDName": null,
      "linkTo": null,
      "linkFrom": null,
      "findDisplayName": null,
      "findResultIDName": null,
      "findResultDisplayName": null,
      "findAllowEdit": null,
      "findType": null,
      "tooltip": "NPI",
      "sortKey": 11,
      "referenceCodeType": null,
      "referenceCodeSubType": null,
      "referenceCodeClass": null
    },
    {
      "findControlId": 685,
      "findCommand": "Office",
      "name": "AdditionalService",
      "label": "Additional Service",
      "controlType": "ToolkitCombobox",
      "interface": "ee_GetOffices_V2",
      "visible": "Y",
      "required": "N",
      "defaultValue": null,
      "dataType": "SYSTEM.STRING",
      "minLength": 0,
      "maxLength": 3,
      "comboBoxSql": "exec ee_GetReferenceCodes_V2 @SessionID={0}, @AllowCheckout='N', @Type='ADDITIONALSERVICE', @Usage='|USAGE2|'",
      "displayFieldName": "Name",
      "displayIDName": "Code",
      "linkTo": null,
      "linkFrom": null,
      "findDisplayName": null,
      "findResultIDName": null,
      "findResultDisplayName": null,
      "findAllowEdit": null,
      "findType": null,
      "tooltip": "Additional Service",
      "sortKey": 12,
      "referenceCodeType": null,
      "referenceCodeSubType": null,
      "referenceCodeClass": null
    },
    {
      "findControlId": 1548,
      "findCommand": "Office",
      "name": "WheelchairAccess",
      "label": "Wheelchair Access",
      "controlType": "ToolkitCombobox",
      "interface": "ee_GetOffices_V2",
      "visible": "Y",
      "required": "N",
      "defaultValue": null,
      "dataType": "SYSTEM.STRING",
      "minLength": 0,
      "maxLength": 3,
      "comboBoxSql": "exec ee_GetReferencecodes_V2 @SessionID={0},@Type='WheelchairAccess',@SubType='WheelchairAccess', @Usage='|USAGE2|'",
      "displayFieldName": "Name",
      "displayIDName": "Code",
      "linkTo": null,
      "linkFrom": null,
      "findDisplayName": null,
      "findResultIDName": null,
      "findResultDisplayName": null,
      "findAllowEdit": null,
      "findType": null,
      "tooltip": "Wheelchair Access",
      "sortKey": 13,
      "referenceCodeType": null,
      "referenceCodeSubType": null,
      "referenceCodeClass": null
    },
    {
      "findControlId": 686,
      "findCommand": "Office",
      "name": "ResultCount",
      "label": "ResultCount",
      "controlType": "ToolkitCombobox",
      "interface": "ee_GetOffices_V2",
      "visible": "Y",
      "required": "Y",
      "defaultValue": "100",
      "dataType": "SYSTEM.STRING",
      "minLength": 0,
      "maxLength": 3,
      "comboBoxSql": null,
      "displayFieldName": "Name",
      "displayIDName": "Name",
      "linkTo": null,
      "linkFrom": null,
      "findDisplayName": null,
      "findResultIDName": null,
      "findResultDisplayName": null,
      "findAllowEdit": null,
      "findType": null,
      "tooltip": "ResultCount",
      "sortKey": 14,
      "referenceCodeType": "RESULTCOUNT",
      "referenceCodeSubType": "RESULTCOUNT",
      "referenceCodeClass": null
    }
  ],
  "outputMessages": null,
  "sqlExceptioMessages": null
}